<annotation>
	<folder>bank_images</folder>
	<filename>00013528453.png</filename>
	<path>A:\haoyu\BankProj\bank_images\00013528453.png</path>
	<source>
		<database>Unknown</database>
	</source>
	<size>
		<width>600</width>
		<height>900</height>
		<depth>3</depth>
	</size>
	<segmented>0</segmented>
	<object>
		<name>Citigroup Inc</name>
		<pose>Unspecified</pose>
		<truncated>0</truncated>
		<difficult>0</difficult>
		<bndbox>
			<xmin>5</xmin>
			<ymin>17</ymin>
			<xmax>45</xmax>
			<ymax>38</ymax>
		</bndbox>
	</object>
</annotation>
