<annotation>
	<folder>bank_images</folder>
	<filename>08.png</filename>
	<path>A:\haoyu\BankProj\bank_images\08.png</path>
	<source>
		<database>Unknown</database>
	</source>
	<size>
		<width>1024</width>
		<height>768</height>
		<depth>3</depth>
	</size>
	<segmented>0</segmented>
	<object>
		<name>JPMorgan Chase</name>
		<pose>Unspecified</pose>
		<truncated>0</truncated>
		<difficult>0</difficult>
		<bndbox>
			<xmin>79</xmin>
			<ymin>105</ymin>
			<xmax>226</xmax>
			<ymax>134</ymax>
		</bndbox>
	</object>
</annotation>
