<annotation>
	<folder>bank_images</folder>
	<filename>1.jpg</filename>
	<path>A:\haoyu\BankProj\bank_images\1.jpg</path>
	<source>
		<database>Unknown</database>
	</source>
	<size>
		<width>646</width>
		<height>571</height>
		<depth>3</depth>
	</size>
	<segmented>0</segmented>
	<object>
		<name>Citigroup Inc</name>
		<pose>Unspecified</pose>
		<truncated>0</truncated>
		<difficult>0</difficult>
		<bndbox>
			<xmin>14</xmin>
			<ymin>29</ymin>
			<xmax>106</xmax>
			<ymax>58</ymax>
		</bndbox>
	</object>
</annotation>
