<annotation>
	<folder>bank_images</folder>
	<filename>100823649.png</filename>
	<path>A:\haoyu\BankProj\bank_images\100823649.png</path>
	<source>
		<database>Unknown</database>
	</source>
	<size>
		<width>298</width>
		<height>386</height>
		<depth>3</depth>
	</size>
	<segmented>0</segmented>
	<object>
		<name>Capital One</name>
		<pose>Unspecified</pose>
		<truncated>0</truncated>
		<difficult>0</difficult>
		<bndbox>
			<xmin>14</xmin>
			<ymin>29</ymin>
			<xmax>83</xmax>
			<ymax>54</ymax>
		</bndbox>
	</object>
</annotation>
