<annotation>
	<folder>bank_images</folder>
	<filename>1200px-Citi.svg.png</filename>
	<path>A:\haoyu\BankProj\bank_images\1200px-Citi.svg.png</path>
	<source>
		<database>Unknown</database>
	</source>
	<size>
		<width>1200</width>
		<height>780</height>
		<depth>3</depth>
	</size>
	<segmented>0</segmented>
	<object>
		<name>Citigroup Inc</name>
		<pose>Unspecified</pose>
		<truncated>1</truncated>
		<difficult>0</difficult>
		<bndbox>
			<xmin>3</xmin>
			<ymin>1</ymin>
			<xmax>1195</xmax>
			<ymax>766</ymax>
		</bndbox>
	</object>
</annotation>
