<annotation>
	<folder>bank_images</folder>
	<filename>14d80451b19f7d2bd8929f6bd8252ded.png</filename>
	<path>A:\haoyu\BankProj\bank_images\14d80451b19f7d2bd8929f6bd8252ded.png</path>
	<source>
		<database>Unknown</database>
	</source>
	<size>
		<width>509</width>
		<height>331</height>
		<depth>3</depth>
	</size>
	<segmented>0</segmented>
	<object>
		<name>Wells Fargo</name>
		<pose>Unspecified</pose>
		<truncated>0</truncated>
		<difficult>0</difficult>
		<bndbox>
			<xmin>436</xmin>
			<ymin>18</ymin>
			<xmax>484</xmax>
			<ymax>69</ymax>
		</bndbox>
	</object>
</annotation>
