<annotation>
	<folder>bank_images</folder>
	<filename>161013letter2.jpg</filename>
	<path>A:\haoyu\BankProj\bank_images\161013letter2.jpg</path>
	<source>
		<database>Unknown</database>
	</source>
	<size>
		<width>620</width>
		<height>435</height>
		<depth>3</depth>
	</size>
	<segmented>0</segmented>
	<object>
		<name>JPMorgan Chase</name>
		<pose>Unspecified</pose>
		<truncated>0</truncated>
		<difficult>0</difficult>
		<bndbox>
			<xmin>15</xmin>
			<ymin>16</ymin>
			<xmax>115</xmax>
			<ymax>39</ymax>
		</bndbox>
	</object>
</annotation>
