<annotation>
	<folder>bank_images</folder>
	<filename>172f2435753407.5702c7695f3f7.png</filename>
	<path>A:\haoyu\BankProj\bank_images\172f2435753407.5702c7695f3f7.png</path>
	<source>
		<database>Unknown</database>
	</source>
	<size>
		<width>2040</width>
		<height>1320</height>
		<depth>3</depth>
	</size>
	<segmented>0</segmented>
	<object>
		<name>Capital One</name>
		<pose>Unspecified</pose>
		<truncated>0</truncated>
		<difficult>0</difficult>
		<bndbox>
			<xmin>85</xmin>
			<ymin>46</ymin>
			<xmax>257</xmax>
			<ymax>114</ymax>
		</bndbox>
	</object>
</annotation>
