<annotation>
	<folder>bank_images</folder>
	<filename>1_3UDGuSELQwyf4laNZ94SCQ.jpg</filename>
	<path>A:\haoyu\BankProj\bank_images\1_3UDGuSELQwyf4laNZ94SCQ.jpg</path>
	<source>
		<database>Unknown</database>
	</source>
	<size>
		<width>680</width>
		<height>440</height>
		<depth>3</depth>
	</size>
	<segmented>0</segmented>
	<object>
		<name>Other</name>
		<pose>Unspecified</pose>
		<truncated>0</truncated>
		<difficult>0</difficult>
		<bndbox>
			<xmin>19</xmin>
			<ymin>44</ymin>
			<xmax>288</xmax>
			<ymax>121</ymax>
		</bndbox>
	</object>
</annotation>
