<annotation>
	<folder>bank_images</folder>
	<filename>2-4-1024x587.png</filename>
	<path>A:\haoyu\BankProj\bank_images\2-4-1024x587.png</path>
	<source>
		<database>Unknown</database>
	</source>
	<size>
		<width>1024</width>
		<height>587</height>
		<depth>3</depth>
	</size>
	<segmented>0</segmented>
	<object>
		<name>Capital One</name>
		<pose>Unspecified</pose>
		<truncated>0</truncated>
		<difficult>0</difficult>
		<bndbox>
			<xmin>147</xmin>
			<ymin>9</ymin>
			<xmax>277</xmax>
			<ymax>48</ymax>
		</bndbox>
	</object>
</annotation>
