<annotation>
	<folder>bank_images</folder>
	<filename>25records2_inline-popup-v2.jpg</filename>
	<path>A:\haoyu\BankProj\bank_images\25records2_inline-popup-v2.jpg</path>
	<source>
		<database>Unknown</database>
	</source>
	<size>
		<width>650</width>
		<height>514</height>
		<depth>3</depth>
	</size>
	<segmented>0</segmented>
	<object>
		<name>Bank of America</name>
		<pose>Unspecified</pose>
		<truncated>0</truncated>
		<difficult>0</difficult>
		<bndbox>
			<xmin>7</xmin>
			<ymin>48</ymin>
			<xmax>211</xmax>
			<ymax>80</ymax>
		</bndbox>
	</object>
	<object>
		<name>Citigroup Inc</name>
		<pose>Unspecified</pose>
		<truncated>0</truncated>
		<difficult>0</difficult>
		<bndbox>
			<xmin>257</xmin>
			<ymin>39</ymin>
			<xmax>400</xmax>
			<ymax>81</ymax>
		</bndbox>
	</object>
	<object>
		<name>Capital One</name>
		<pose>Unspecified</pose>
		<truncated>0</truncated>
		<difficult>0</difficult>
		<bndbox>
			<xmin>42</xmin>
			<ymin>164</ymin>
			<xmax>163</xmax>
			<ymax>212</ymax>
		</bndbox>
	</object>
	<object>
		<name>JPMorgan Chase</name>
		<pose>Unspecified</pose>
		<truncated>0</truncated>
		<difficult>0</difficult>
		<bndbox>
			<xmin>22</xmin>
			<ymin>369</ymin>
			<xmax>180</xmax>
			<ymax>409</ymax>
		</bndbox>
	</object>
	<object>
		<name>Wells Fargo</name>
		<pose>Unspecified</pose>
		<truncated>0</truncated>
		<difficult>0</difficult>
		<bndbox>
			<xmin>507</xmin>
			<ymin>356</ymin>
			<xmax>578</xmax>
			<ymax>429</ymax>
		</bndbox>
	</object>
</annotation>
