<annotation>
	<folder>bank_images</folder>
	<filename>2bfaf6cb-ade3-40ba-9fb2-17d39dafdfb0.png</filename>
	<path>A:\haoyu\BankProj\bank_images\2bfaf6cb-ade3-40ba-9fb2-17d39dafdfb0.png</path>
	<source>
		<database>Unknown</database>
	</source>
	<size>
		<width>555</width>
		<height>416</height>
		<depth>3</depth>
	</size>
	<segmented>0</segmented>
	<object>
		<name>Citigroup Inc</name>
		<pose>Unspecified</pose>
		<truncated>0</truncated>
		<difficult>0</difficult>
		<bndbox>
			<xmin>64</xmin>
			<ymin>179</ymin>
			<xmax>129</xmax>
			<ymax>219</ymax>
		</bndbox>
	</object>
</annotation>
