<annotation>
	<folder>bank_images</folder>
	<filename>3151bb23499c75204495f0b01c68bb2d.png</filename>
	<path>A:\haoyu\BankProj\bank_images\3151bb23499c75204495f0b01c68bb2d.png</path>
	<source>
		<database>Unknown</database>
	</source>
	<size>
		<width>900</width>
		<height>1190</height>
		<depth>3</depth>
	</size>
	<segmented>0</segmented>
	<object>
		<name>JPMorgan Chase</name>
		<pose>Unspecified</pose>
		<truncated>0</truncated>
		<difficult>0</difficult>
		<bndbox>
			<xmin>528</xmin>
			<ymin>32</ymin>
			<xmax>871</xmax>
			<ymax>112</ymax>
		</bndbox>
	</object>
</annotation>
