<annotation>
	<folder>bank_images</folder>
	<filename>460.png</filename>
	<path>A:\haoyu\BankProj\bank_images\460.png</path>
	<source>
		<database>Unknown</database>
	</source>
	<size>
		<width>400</width>
		<height>400</height>
		<depth>3</depth>
	</size>
	<segmented>0</segmented>
	<object>
		<name>Bank of America</name>
		<pose>Unspecified</pose>
		<truncated>0</truncated>
		<difficult>0</difficult>
		<bndbox>
			<xmin>32</xmin>
			<ymin>174</ymin>
			<xmax>365</xmax>
			<ymax>224</ymax>
		</bndbox>
	</object>
</annotation>
