<annotation>
	<folder>bank_images</folder>
	<filename>4989bcc162984518a922601f1e149466.png</filename>
	<path>A:\haoyu\BankProj\bank_images\4989bcc162984518a922601f1e149466.png</path>
	<source>
		<database>Unknown</database>
	</source>
	<size>
		<width>545</width>
		<height>242</height>
		<depth>3</depth>
	</size>
	<segmented>0</segmented>
	<object>
		<name>Citigroup Inc</name>
		<pose>Unspecified</pose>
		<truncated>0</truncated>
		<difficult>0</difficult>
		<bndbox>
			<xmin>211</xmin>
			<ymin>5</ymin>
			<xmax>320</xmax>
			<ymax>68</ymax>
		</bndbox>
	</object>
</annotation>
