<annotation>
	<folder>bank_images</folder>
	<filename>5-wells-fargo-bank-statement-template-fresh-statements-aduew-throughout-wells-fargo-bank-statement-template.jpg</filename>
	<path>A:\haoyu\BankProj\bank_images\5-wells-fargo-bank-statement-template-fresh-statements-aduew-throughout-wells-fargo-bank-statement-template.jpg</path>
	<source>
		<database>Unknown</database>
	</source>
	<size>
		<width>742</width>
		<height>957</height>
		<depth>3</depth>
	</size>
	<segmented>0</segmented>
	<object>
		<name>Wells Fargo</name>
		<pose>Unspecified</pose>
		<truncated>0</truncated>
		<difficult>0</difficult>
		<bndbox>
			<xmin>606</xmin>
			<ymin>35</ymin>
			<xmax>674</xmax>
			<ymax>100</ymax>
		</bndbox>
	</object>
</annotation>
