<annotation>
	<folder>bank_images</folder>
	<filename>539324375cb8b2c49b10b3e46b3545dc.png</filename>
	<path>A:\haoyu\BankProj\bank_images\539324375cb8b2c49b10b3e46b3545dc.png</path>
	<source>
		<database>Unknown</database>
	</source>
	<size>
		<width>386</width>
		<height>500</height>
		<depth>3</depth>
	</size>
	<segmented>0</segmented>
	<object>
		<name>Wells Fargo</name>
		<pose>Unspecified</pose>
		<truncated>0</truncated>
		<difficult>0</difficult>
		<bndbox>
			<xmin>317</xmin>
			<ymin>14</ymin>
			<xmax>354</xmax>
			<ymax>50</ymax>
		</bndbox>
	</object>
</annotation>
