<annotation>
	<folder>bank_images</folder>
	<filename>781a1535753407.5702c7695c3ba.png</filename>
	<path>A:\haoyu\BankProj\bank_images\781a1535753407.5702c7695c3ba.png</path>
	<source>
		<database>Unknown</database>
	</source>
	<size>
		<width>2040</width>
		<height>1320</height>
		<depth>3</depth>
	</size>
	<segmented>0</segmented>
	<object>
		<name>Capital One</name>
		<pose>Unspecified</pose>
		<truncated>0</truncated>
		<difficult>0</difficult>
		<bndbox>
			<xmin>89</xmin>
			<ymin>50</ymin>
			<xmax>257</xmax>
			<ymax>113</ymax>
		</bndbox>
	</object>
	<object>
		<name>Capital One</name>
		<pose>Unspecified</pose>
		<truncated>0</truncated>
		<difficult>0</difficult>
		<bndbox>
			<xmin>470</xmin>
			<ymin>239</ymin>
			<xmax>648</xmax>
			<ymax>302</ymax>
		</bndbox>
	</object>
	<object>
		<name>Capital One</name>
		<pose>Unspecified</pose>
		<truncated>0</truncated>
		<difficult>0</difficult>
		<bndbox>
			<xmin>1226</xmin>
			<ymin>217</ymin>
			<xmax>1422</xmax>
			<ymax>290</ymax>
		</bndbox>
	</object>
</annotation>
