<annotation>
	<folder>bank_images</folder>
	<filename>838397ff-938e-49a2-b272-a1c226131d91.png</filename>
	<path>A:\haoyu\BankProj\bank_images\838397ff-938e-49a2-b272-a1c226131d91.png</path>
	<source>
		<database>Unknown</database>
	</source>
	<size>
		<width>555</width>
		<height>416</height>
		<depth>3</depth>
	</size>
	<segmented>0</segmented>
	<object>
		<name>Citigroup Inc</name>
		<pose>Unspecified</pose>
		<truncated>0</truncated>
		<difficult>0</difficult>
		<bndbox>
			<xmin>72</xmin>
			<ymin>177</ymin>
			<xmax>126</xmax>
			<ymax>214</ymax>
		</bndbox>
	</object>
</annotation>
