<annotation>
	<folder>bank_images</folder>
	<filename>8cae_nrwcm_mc_250x158.png</filename>
	<path>A:\haoyu\BankProj\bank_images\8cae_nrwcm_mc_250x158.png</path>
	<source>
		<database>Unknown</database>
	</source>
	<size>
		<width>250</width>
		<height>158</height>
		<depth>3</depth>
	</size>
	<segmented>0</segmented>
	<object>
		<name>Bank of America</name>
		<pose>Unspecified</pose>
		<truncated>0</truncated>
		<difficult>0</difficult>
		<bndbox>
			<xmin>79</xmin>
			<ymin>12</ymin>
			<xmax>241</xmax>
			<ymax>36</ymax>
		</bndbox>
	</object>
</annotation>
