<annotation>
	<folder>bank_images</folder>
	<filename>aid654201-v4-728px-Report-a-Bank-of-America-Phishing-Email-Step-2-Version-2.jpg</filename>
	<path>A:\haoyu\BankProj\bank_images\aid654201-v4-728px-Report-a-Bank-of-America-Phishing-Email-Step-2-Version-2.jpg</path>
	<source>
		<database>Unknown</database>
	</source>
	<size>
		<width>728</width>
		<height>551</height>
		<depth>3</depth>
	</size>
	<segmented>0</segmented>
	<object>
		<name>Bank of America</name>
		<pose>Unspecified</pose>
		<truncated>0</truncated>
		<difficult>0</difficult>
		<bndbox>
			<xmin>24</xmin>
			<ymin>29</ymin>
			<xmax>319</xmax>
			<ymax>71</ymax>
		</bndbox>
	</object>
</annotation>
