<annotation>
	<folder>bank_images</folder>
	<filename>assets-images-site-deposits-faq-en-infographic_aba_routing2-CSX64abf506.gif</filename>
	<path>A:\haoyu\BankProj\bank_images\assets-images-site-deposits-faq-en-infographic_aba_routing2-CSX64abf506.gif</path>
	<source>
		<database>Unknown</database>
	</source>
	<size>
		<width>520</width>
		<height>250</height>
		<depth>3</depth>
	</size>
	<segmented>0</segmented>
	<object>
		<name>Bank of America</name>
		<pose>Unspecified</pose>
		<truncated>0</truncated>
		<difficult>0</difficult>
		<bndbox>
			<xmin>180</xmin>
			<ymin>17</ymin>
			<xmax>334</xmax>
			<ymax>40</ymax>
		</bndbox>
	</object>
</annotation>
