<annotation>
	<folder>bank_images</folder>
	<filename>assets-images-site-online-banking-seo-feature-page-engagement-module-en-vid_bill-pay2_760x452.jpg</filename>
	<path>A:\haoyu\BankProj\bank_images\assets-images-site-online-banking-seo-feature-page-engagement-module-en-vid_bill-pay2_760x452.jpg</path>
	<source>
		<database>Unknown</database>
	</source>
	<size>
		<width>760</width>
		<height>452</height>
		<depth>3</depth>
	</size>
	<segmented>0</segmented>
	<object>
		<name>Bank of America</name>
		<pose>Unspecified</pose>
		<truncated>0</truncated>
		<difficult>0</difficult>
		<bndbox>
			<xmin>76</xmin>
			<ymin>12</ymin>
			<xmax>210</xmax>
			<ymax>41</ymax>
		</bndbox>
	</object>
</annotation>
