<annotation>
	<folder>bank_images</folder>
	<filename>bank-of-america-online-banking-statement-content-image-account-mgmt.png</filename>
	<path>A:\haoyu\BankProj\bank_images\bank-of-america-online-banking-statement-content-image-account-mgmt.png</path>
	<source>
		<database>Unknown</database>
	</source>
	<size>
		<width>407</width>
		<height>310</height>
		<depth>3</depth>
	</size>
	<segmented>0</segmented>
	<object>
		<name>Bank of America</name>
		<pose>Unspecified</pose>
		<truncated>0</truncated>
		<difficult>0</difficult>
		<bndbox>
			<xmin>77</xmin>
			<ymin>35</ymin>
			<xmax>191</xmax>
			<ymax>57</ymax>
		</bndbox>
	</object>
</annotation>
