<annotation>
	<folder>bank_images</folder>
	<filename>bank-america-phishing-scam-may2017-emails.png</filename>
	<path>A:\haoyu\BankProj\bank_images\bank-america-phishing-scam-may2017-emails.png</path>
	<source>
		<database>Unknown</database>
	</source>
	<size>
		<width>1440</width>
		<height>960</height>
		<depth>3</depth>
	</size>
	<segmented>0</segmented>
	<object>
		<name>Bank of America</name>
		<pose>Unspecified</pose>
		<truncated>0</truncated>
		<difficult>0</difficult>
		<bndbox>
			<xmin>438</xmin>
			<ymin>86</ymin>
			<xmax>665</xmax>
			<ymax>136</ymax>
		</bndbox>
	</object>
	<object>
		<name>Bank of America</name>
		<pose>Unspecified</pose>
		<truncated>0</truncated>
		<difficult>0</difficult>
		<bndbox>
			<xmin>1159</xmin>
			<ymin>205</ymin>
			<xmax>1380</xmax>
			<ymax>252</ymax>
		</bndbox>
	</object>
</annotation>
