<annotation>
	<folder>bank_images</folder>
	<filename>Bank-Promotions.png</filename>
	<path>A:\haoyu\BankProj\bank_images\Bank-Promotions.png</path>
	<source>
		<database>Unknown</database>
	</source>
	<size>
		<width>750</width>
		<height>420</height>
		<depth>3</depth>
	</size>
	<segmented>0</segmented>
	<object>
		<name>JPMorgan Chase</name>
		<pose>Unspecified</pose>
		<truncated>0</truncated>
		<difficult>0</difficult>
		<bndbox>
			<xmin>11</xmin>
			<ymin>110</ymin>
			<xmax>305</xmax>
			<ymax>173</ymax>
		</bndbox>
	</object>
	<object>
		<name>Bank of America</name>
		<pose>Unspecified</pose>
		<truncated>0</truncated>
		<difficult>0</difficult>
		<bndbox>
			<xmin>218</xmin>
			<ymin>197</ymin>
			<xmax>480</xmax>
			<ymax>243</ymax>
		</bndbox>
	</object>
	<object>
		<name>Wells Fargo</name>
		<pose>Unspecified</pose>
		<truncated>0</truncated>
		<difficult>0</difficult>
		<bndbox>
			<xmin>87</xmin>
			<ymin>265</ymin>
			<xmax>292</xmax>
			<ymax>311</ymax>
		</bndbox>
	</object>
	<object>
		<name>Citigroup Inc</name>
		<pose>Unspecified</pose>
		<truncated>0</truncated>
		<difficult>0</difficult>
		<bndbox>
			<xmin>10</xmin>
			<ymin>347</ymin>
			<xmax>153</xmax>
			<ymax>400</ymax>
		</bndbox>
	</object>
	<object>
		<name>Capital One</name>
		<pose>Unspecified</pose>
		<truncated>0</truncated>
		<difficult>0</difficult>
		<bndbox>
			<xmin>506</xmin>
			<ymin>219</ymin>
			<xmax>661</xmax>
			<ymax>288</ymax>
		</bndbox>
	</object>
</annotation>
