<annotation>
	<folder>bank_images</folder>
	<filename>bank_9_06.jpg</filename>
	<path>A:\haoyu\BankProj\bank_images\bank_9_06.jpg</path>
	<source>
		<database>Unknown</database>
	</source>
	<size>
		<width>1118</width>
		<height>1541</height>
		<depth>1</depth>
	</size>
	<segmented>0</segmented>
	<object>
		<name>Capital One</name>
		<pose>Unspecified</pose>
		<truncated>0</truncated>
		<difficult>0</difficult>
		<bndbox>
			<xmin>49</xmin>
			<ymin>12</ymin>
			<xmax>346</xmax>
			<ymax>80</ymax>
		</bndbox>
	</object>
</annotation>
