<annotation>
	<folder>bank_images</folder>
	<filename>bank_logo_256x256.png</filename>
	<path>A:\haoyu\BankProj\bank_images\bank_logo_256x256.png</path>
	<source>
		<database>Unknown</database>
	</source>
	<size>
		<width>256</width>
		<height>256</height>
		<depth>3</depth>
	</size>
	<segmented>0</segmented>
	<object>
		<name>Bank of America</name>
		<pose>Unspecified</pose>
		<truncated>0</truncated>
		<difficult>0</difficult>
		<bndbox>
			<xmin>4</xmin>
			<ymin>57</ymin>
			<xmax>255</xmax>
			<ymax>196</ymax>
		</bndbox>
	</object>
</annotation>
