<annotation>
	<folder>bank_images</folder>
	<filename>BankOfAmerica_header.png</filename>
	<path>A:\haoyu\BankProj\bank_images\BankOfAmerica_header.png</path>
	<source>
		<database>Unknown</database>
	</source>
	<size>
		<width>1960</width>
		<height>480</height>
		<depth>3</depth>
	</size>
	<segmented>0</segmented>
	<object>
		<name>Bank of America</name>
		<pose>Unspecified</pose>
		<truncated>0</truncated>
		<difficult>0</difficult>
		<bndbox>
			<xmin>55</xmin>
			<ymin>114</ymin>
			<xmax>629</xmax>
			<ymax>222</ymax>
		</bndbox>
	</object>
</annotation>
