<annotation>
	<folder>bank_images</folder>
	<filename>bank-of-america-logo.png</filename>
	<path>A:\haoyu\BankProj\bank_images\bank-of-america-logo.png</path>
	<source>
		<database>Unknown</database>
	</source>
	<size>
		<width>2501</width>
		<height>555</height>
		<depth>3</depth>
	</size>
	<segmented>0</segmented>
	<object>
		<name>Bank of America</name>
		<pose>Unspecified</pose>
		<truncated>1</truncated>
		<difficult>0</difficult>
		<bndbox>
			<xmin>15</xmin>
			<ymin>1</ymin>
			<xmax>2469</xmax>
			<ymax>545</ymax>
		</bndbox>
	</object>
</annotation>
