<annotation>
	<folder>bank_images</folder>
	<filename>BankOfAmerica.jpg</filename>
	<path>A:\haoyu\BankProj\bank_images\BankOfAmerica.jpg</path>
	<source>
		<database>Unknown</database>
	</source>
	<size>
		<width>300</width>
		<height>219</height>
		<depth>3</depth>
	</size>
	<segmented>0</segmented>
	<object>
		<name>Bank of America</name>
		<pose>Unspecified</pose>
		<truncated>0</truncated>
		<difficult>0</difficult>
		<bndbox>
			<xmin>2</xmin>
			<ymin>4</ymin>
			<xmax>298</xmax>
			<ymax>194</ymax>
		</bndbox>
	</object>
</annotation>
