<annotation>
	<folder>bank_images</folder>
	<filename>banking-finance-logos_.png</filename>
	<path>A:\haoyu\BankProj\bank_images\banking-finance-logos_.png</path>
	<source>
		<database>Unknown</database>
	</source>
	<size>
		<width>900</width>
		<height>323</height>
		<depth>3</depth>
	</size>
	<segmented>0</segmented>
	<object>
		<name>Citigroup Inc</name>
		<pose>Unspecified</pose>
		<truncated>0</truncated>
		<difficult>0</difficult>
		<bndbox>
			<xmin>14</xmin>
			<ymin>84</ymin>
			<xmax>185</xmax>
			<ymax>131</ymax>
		</bndbox>
	</object>
	<object>
		<name>Capital One</name>
		<pose>Unspecified</pose>
		<truncated>0</truncated>
		<difficult>0</difficult>
		<bndbox>
			<xmin>15</xmin>
			<ymin>155</ymin>
			<xmax>182</xmax>
			<ymax>220</ymax>
		</bndbox>
	</object>
</annotation>
