<annotation>
	<folder>bank_images</folder>
	<filename>bank-america-phishing-scam-may2017-fake-loading.png</filename>
	<path>A:\haoyu\BankProj\bank_images\bank-america-phishing-scam-may2017-fake-loading.png</path>
	<source>
		<database>Unknown</database>
	</source>
	<size>
		<width>1080</width>
		<height>720</height>
		<depth>3</depth>
	</size>
	<segmented>0</segmented>
	<object>
		<name>Bank of America</name>
		<pose>Unspecified</pose>
		<truncated>0</truncated>
		<difficult>0</difficult>
		<bndbox>
			<xmin>63</xmin>
			<ymin>18</ymin>
			<xmax>289</xmax>
			<ymax>57</ymax>
		</bndbox>
	</object>
</annotation>
