<annotation>
	<folder>bank_images</folder>
	<filename>bill_pay_001_lg.gif</filename>
	<path>A:\haoyu\BankProj\bank_images\bill_pay_001_lg.gif</path>
	<source>
		<database>Unknown</database>
	</source>
	<size>
		<width>961</width>
		<height>587</height>
		<depth>3</depth>
	</size>
	<segmented>0</segmented>
	<object>
		<name>Capital One</name>
		<pose>Unspecified</pose>
		<truncated>1</truncated>
		<difficult>0</difficult>
		<bndbox>
			<xmin>1</xmin>
			<ymin>9</ymin>
			<xmax>223</xmax>
			<ymax>84</ymax>
		</bndbox>
	</object>
</annotation>
