<annotation>
	<folder>bank_images</folder>
	<filename>Blog81513ChaseEnvFront.jpg</filename>
	<path>A:\haoyu\BankProj\bank_images\Blog81513ChaseEnvFront.jpg</path>
	<source>
		<database>Unknown</database>
	</source>
	<size>
		<width>1580</width>
		<height>1056</height>
		<depth>3</depth>
	</size>
	<segmented>0</segmented>
	<object>
		<name>JPMorgan Chase</name>
		<pose>Unspecified</pose>
		<truncated>0</truncated>
		<difficult>0</difficult>
		<bndbox>
			<xmin>93</xmin>
			<ymin>44</ymin>
			<xmax>421</xmax>
			<ymax>119</ymax>
		</bndbox>
	</object>
</annotation>
