<annotation>
	<folder>bank_images</folder>
	<filename>bofa_logout_23aug07_thumb[1].jpg</filename>
	<path>A:\haoyu\BankProj\bank_images\bofa_logout_23aug07_thumb[1].jpg</path>
	<source>
		<database>Unknown</database>
	</source>
	<size>
		<width>550</width>
		<height>313</height>
		<depth>3</depth>
	</size>
	<segmented>0</segmented>
	<object>
		<name>Bank of America</name>
		<pose>Unspecified</pose>
		<truncated>0</truncated>
		<difficult>0</difficult>
		<bndbox>
			<xmin>3</xmin>
			<ymin>12</ymin>
			<xmax>191</xmax>
			<ymax>42</ymax>
		</bndbox>
	</object>
</annotation>
