<annotation>
	<folder>bank_images</folder>
	<filename>BofA-BankAmeriCard-Better-Balance-Rewards-Front-Page.png</filename>
	<path>A:\haoyu\BankProj\bank_images\BofA-BankAmeriCard-Better-Balance-Rewards-Front-Page.png</path>
	<source>
		<database>Unknown</database>
	</source>
	<size>
		<width>704</width>
		<height>1000</height>
		<depth>3</depth>
	</size>
	<segmented>0</segmented>
	<object>
		<name>Bank of America</name>
		<pose>Unspecified</pose>
		<truncated>0</truncated>
		<difficult>0</difficult>
		<bndbox>
			<xmin>456</xmin>
			<ymin>34</ymin>
			<xmax>698</xmax>
			<ymax>87</ymax>
		</bndbox>
	</object>
</annotation>
