<annotation>
	<folder>bank_images</folder>
	<filename>bofa2_inline.png</filename>
	<path>A:\haoyu\BankProj\bank_images\bofa2_inline.png</path>
	<source>
		<database>Unknown</database>
	</source>
	<size>
		<width>465</width>
		<height>348</height>
		<depth>3</depth>
	</size>
	<segmented>0</segmented>
	<object>
		<name>Bank of America</name>
		<pose>Unspecified</pose>
		<truncated>0</truncated>
		<difficult>0</difficult>
		<bndbox>
			<xmin>3</xmin>
			<ymin>2</ymin>
			<xmax>104</xmax>
			<ymax>22</ymax>
		</bndbox>
	</object>
</annotation>
