<annotation>
	<folder>bank_images</folder>
	<filename>bofa_enterprise_lo1_h_rgb.jpg</filename>
	<path>A:\haoyu\BankProj\bank_images\bofa_enterprise_lo1_h_rgb.jpg</path>
	<source>
		<database>Unknown</database>
	</source>
	<size>
		<width>1500</width>
		<height>300</height>
		<depth>3</depth>
	</size>
	<segmented>0</segmented>
	<object>
		<name>Bank of America</name>
		<pose>Unspecified</pose>
		<truncated>0</truncated>
		<difficult>0</difficult>
		<bndbox>
			<xmin>34</xmin>
			<ymin>51</ymin>
			<xmax>1494</xmax>
			<ymax>252</ymax>
		</bndbox>
	</object>
</annotation>
