<annotation>
	<folder>bank_images</folder>
	<filename>c4b75b9af83aac0de9ddb88321105d76.jpg</filename>
	<path>A:\haoyu\BankProj\bank_images\c4b75b9af83aac0de9ddb88321105d76.jpg</path>
	<source>
		<database>Unknown</database>
	</source>
	<size>
		<width>694</width>
		<height>284</height>
		<depth>3</depth>
	</size>
	<segmented>0</segmented>
	<object>
		<name>Wells Fargo</name>
		<pose>Unspecified</pose>
		<truncated>0</truncated>
		<difficult>0</difficult>
		<bndbox>
			<xmin>17</xmin>
			<ymin>29</ymin>
			<xmax>677</xmax>
			<ymax>101</ymax>
		</bndbox>
	</object>
</annotation>
