<annotation>
	<folder>bank_images</folder>
	<filename>CAP-ONE.png</filename>
	<path>A:\haoyu\BankProj\bank_images\CAP-ONE.png</path>
	<source>
		<database>Unknown</database>
	</source>
	<size>
		<width>582</width>
		<height>778</height>
		<depth>3</depth>
	</size>
	<segmented>0</segmented>
	<object>
		<name>Capital One</name>
		<pose>Unspecified</pose>
		<truncated>0</truncated>
		<difficult>0</difficult>
		<bndbox>
			<xmin>51</xmin>
			<ymin>13</ymin>
			<xmax>174</xmax>
			<ymax>51</ymax>
		</bndbox>
	</object>
</annotation>
