<annotation>
	<folder>bank_images</folder>
	<filename>Cap-One-4.jpg</filename>
	<path>A:\haoyu\BankProj\bank_images\Cap-One-4.jpg</path>
	<source>
		<database>Unknown</database>
	</source>
	<size>
		<width>1366</width>
		<height>720</height>
		<depth>3</depth>
	</size>
	<segmented>0</segmented>
	<object>
		<name>Capital One</name>
		<pose>Unspecified</pose>
		<truncated>0</truncated>
		<difficult>0</difficult>
		<bndbox>
			<xmin>189</xmin>
			<ymin>78</ymin>
			<xmax>361</xmax>
			<ymax>141</ymax>
		</bndbox>
	</object>
</annotation>
