<annotation>
	<folder>bank_images</folder>
	<filename>capital-one-statement-7o8qtlfk.png</filename>
	<path>A:\haoyu\BankProj\bank_images\capital-one-statement-7o8qtlfk.png</path>
	<source>
		<database>Unknown</database>
	</source>
	<size>
		<width>1275</width>
		<height>1650</height>
		<depth>3</depth>
	</size>
	<segmented>0</segmented>
	<object>
		<name>Capital One</name>
		<pose>Unspecified</pose>
		<truncated>0</truncated>
		<difficult>0</difficult>
		<bndbox>
			<xmin>306</xmin>
			<ymin>154</ymin>
			<xmax>544</xmax>
			<ymax>263</ymax>
		</bndbox>
	</object>
</annotation>
