<annotation>
	<folder>bank_images</folder>
	<filename>capital-one-credit-cards-bank-and-loans-personal-and-business-capital-one-business-credit-card-login.png</filename>
	<path>A:\haoyu\BankProj\bank_images\capital-one-credit-cards-bank-and-loans-personal-and-business-capital-one-business-credit-card-login.png</path>
	<source>
		<database>Unknown</database>
	</source>
	<size>
		<width>564</width>
		<height>364</height>
		<depth>3</depth>
	</size>
	<segmented>0</segmented>
	<object>
		<name>Capital One</name>
		<pose>Unspecified</pose>
		<truncated>1</truncated>
		<difficult>0</difficult>
		<bndbox>
			<xmin>4</xmin>
			<ymin>1</ymin>
			<xmax>406</xmax>
			<ymax>146</ymax>
		</bndbox>
	</object>
	<object>
		<name>Capital One</name>
		<pose>Unspecified</pose>
		<truncated>1</truncated>
		<difficult>0</difficult>
		<bndbox>
			<xmin>1</xmin>
			<ymin>209</ymin>
			<xmax>559</xmax>
			<ymax>345</ymax>
		</bndbox>
	</object>
</annotation>
