<annotation>
	<folder>bank_images</folder>
	<filename>capital-one-bank-statement-template_8816.png</filename>
	<path>A:\haoyu\BankProj\bank_images\capital-one-bank-statement-template_8816.png</path>
	<source>
		<database>Unknown</database>
	</source>
	<size>
		<width>298</width>
		<height>386</height>
		<depth>3</depth>
	</size>
	<segmented>0</segmented>
	<object>
		<name>Capital One</name>
		<pose>Unspecified</pose>
		<truncated>0</truncated>
		<difficult>0</difficult>
		<bndbox>
			<xmin>19</xmin>
			<ymin>14</ymin>
			<xmax>94</xmax>
			<ymax>39</ymax>
		</bndbox>
	</object>
</annotation>
