<annotation>
	<folder>bank_images</folder>
	<filename>capital-one-360-savings-feature.png</filename>
	<path>A:\haoyu\BankProj\bank_images\capital-one-360-savings-feature.png</path>
	<source>
		<database>Unknown</database>
	</source>
	<size>
		<width>750</width>
		<height>420</height>
		<depth>3</depth>
	</size>
	<segmented>0</segmented>
	<object>
		<name>Capital One</name>
		<pose>Unspecified</pose>
		<truncated>1</truncated>
		<difficult>0</difficult>
		<bndbox>
			<xmin>1</xmin>
			<ymin>8</ymin>
			<xmax>136</xmax>
			<ymax>57</ymax>
		</bndbox>
	</object>
</annotation>
