<annotation>
	<folder>bank_images</folder>
	<filename>CapitalOne_header.png</filename>
	<path>A:\haoyu\BankProj\bank_images\CapitalOne_header.png</path>
	<source>
		<database>Unknown</database>
	</source>
	<size>
		<width>2452</width>
		<height>358</height>
		<depth>3</depth>
	</size>
	<segmented>0</segmented>
	<object>
		<name>CapitalOne</name>
		<pose>Unspecified</pose>
		<truncated>0</truncated>
		<difficult>0</difficult>
		<bndbox>
			<xmin>233</xmin>
			<ymin>37</ymin>
			<xmax>603</xmax>
			<ymax>145</ymax>
		</bndbox>
	</object>
</annotation>
