<annotation>
	<folder>bank_images</folder>
	<filename>capital-one-bank-check.png</filename>
	<path>A:\haoyu\BankProj\bank_images\capital-one-bank-check.png</path>
	<source>
		<database>Unknown</database>
	</source>
	<size>
		<width>518</width>
		<height>255</height>
		<depth>3</depth>
	</size>
	<segmented>0</segmented>
	<object>
		<name>Capital One</name>
		<pose>Unspecified</pose>
		<truncated>0</truncated>
		<difficult>0</difficult>
		<bndbox>
			<xmin>17</xmin>
			<ymin>7</ymin>
			<xmax>125</xmax>
			<ymax>50</ymax>
		</bndbox>
	</object>
</annotation>
