<annotation>
	<folder>bank_images</folder>
	<filename>Capital One Investing trade ticket.png</filename>
	<path>A:\haoyu\BankProj\bank_images\Capital One Investing trade ticket.png</path>
	<source>
		<database>Unknown</database>
	</source>
	<size>
		<width>985</width>
		<height>742</height>
		<depth>3</depth>
	</size>
	<segmented>0</segmented>
	<object>
		<name>Capital One</name>
		<pose>Unspecified</pose>
		<truncated>0</truncated>
		<difficult>0</difficult>
		<bndbox>
			<xmin>11</xmin>
			<ymin>9</ymin>
			<xmax>249</xmax>
			<ymax>65</ymax>
		</bndbox>
	</object>
</annotation>
