<annotation>
	<folder>bank_images</folder>
	<filename>capitalone_logo.gif</filename>
	<path>A:\haoyu\BankProj\bank_images\capitalone_logo.gif</path>
	<source>
		<database>Unknown</database>
	</source>
	<size>
		<width>470</width>
		<height>200</height>
		<depth>3</depth>
	</size>
	<segmented>0</segmented>
	<object>
		<name>Capital One</name>
		<pose>Unspecified</pose>
		<truncated>0</truncated>
		<difficult>0</difficult>
		<bndbox>
			<xmin>30</xmin>
			<ymin>83</ymin>
			<xmax>200</xmax>
			<ymax>118</ymax>
		</bndbox>
	</object>
	<object>
		<name>Capital One</name>
		<pose>Unspecified</pose>
		<truncated>0</truncated>
		<difficult>0</difficult>
		<bndbox>
			<xmin>278</xmin>
			<ymin>67</ymin>
			<xmax>420</xmax>
			<ymax>123</ymax>
		</bndbox>
	</object>
</annotation>
