<annotation>
	<folder>bank_images</folder>
	<filename>CapitalOne-2015-Annual-Report-eec2316_1_d4a9.png</filename>
	<path>A:\haoyu\BankProj\bank_images\CapitalOne-2015-Annual-Report-eec2316_1_d4a9.png</path>
	<source>
		<database>Unknown</database>
	</source>
	<size>
		<width>175</width>
		<height>227</height>
		<depth>3</depth>
	</size>
	<segmented>0</segmented>
	<object>
		<name>Capital One</name>
		<pose>Unspecified</pose>
		<truncated>0</truncated>
		<difficult>0</difficult>
		<bndbox>
			<xmin>9</xmin>
			<ymin>61</ymin>
			<xmax>160</xmax>
			<ymax>135</ymax>
		</bndbox>
	</object>
	<object>
		<name>Capital One</name>
		<pose>Unspecified</pose>
		<truncated>0</truncated>
		<difficult>0</difficult>
		<bndbox>
			<xmin>121</xmin>
			<ymin>188</ymin>
			<xmax>158</xmax>
			<ymax>206</ymax>
		</bndbox>
	</object>
</annotation>
