<annotation>
	<folder>bank_images</folder>
	<filename>capital-one-year-rewards.jpg</filename>
	<path>A:\haoyu\BankProj\bank_images\capital-one-year-rewards.jpg</path>
	<source>
		<database>Unknown</database>
	</source>
	<size>
		<width>962</width>
		<height>627</height>
		<depth>3</depth>
	</size>
	<segmented>0</segmented>
	<object>
		<name>Capital One</name>
		<pose>Unspecified</pose>
		<truncated>0</truncated>
		<difficult>0</difficult>
		<bndbox>
			<xmin>23</xmin>
			<ymin>9</ymin>
			<xmax>117</xmax>
			<ymax>43</ymax>
		</bndbox>
	</object>
</annotation>
