<annotation>
	<folder>bank_images</folder>
	<filename>Capital-One-Venture-Rewards-Credit-Card-Redeem-Points-5.png</filename>
	<path>A:\haoyu\BankProj\bank_images\Capital-One-Venture-Rewards-Credit-Card-Redeem-Points-5.png</path>
	<source>
		<database>Unknown</database>
	</source>
	<size>
		<width>978</width>
		<height>770</height>
		<depth>3</depth>
	</size>
	<segmented>0</segmented>
	<object>
		<name>Capital One</name>
		<pose>Unspecified</pose>
		<truncated>0</truncated>
		<difficult>0</difficult>
		<bndbox>
			<xmin>3</xmin>
			<ymin>3</ymin>
			<xmax>134</xmax>
			<ymax>49</ymax>
		</bndbox>
	</object>
</annotation>
