<annotation>
	<folder>bank_images</folder>
	<filename>capitalone-logo-2x-oasis.png</filename>
	<path>A:\haoyu\BankProj\bank_images\capitalone-logo-2x-oasis.png</path>
	<source>
		<database>Unknown</database>
	</source>
	<size>
		<width>564</width>
		<height>364</height>
		<depth>3</depth>
	</size>
	<segmented>0</segmented>
	<object>
		<name>Capital One</name>
		<pose>Unspecified</pose>
		<truncated>1</truncated>
		<difficult>0</difficult>
		<bndbox>
			<xmin>2</xmin>
			<ymin>1</ymin>
			<xmax>403</xmax>
			<ymax>148</ymax>
		</bndbox>
	</object>
	<object>
		<name>Capital One</name>
		<pose>Unspecified</pose>
		<truncated>1</truncated>
		<difficult>0</difficult>
		<bndbox>
			<xmin>1</xmin>
			<ymin>194</ymin>
			<xmax>559</xmax>
			<ymax>359</ymax>
		</bndbox>
	</object>
</annotation>
