<annotation>
	<folder>bank_images</folder>
	<filename>Capital-One-Dashboard-1-660x256.png</filename>
	<path>A:\haoyu\BankProj\bank_images\Capital-One-Dashboard-1-660x256.png</path>
	<source>
		<database>Unknown</database>
	</source>
	<size>
		<width>660</width>
		<height>256</height>
		<depth>3</depth>
	</size>
	<segmented>0</segmented>
	<object>
		<name>Capital One</name>
		<pose>Unspecified</pose>
		<truncated>0</truncated>
		<difficult>0</difficult>
		<bndbox>
			<xmin>7</xmin>
			<ymin>3</ymin>
			<xmax>77</xmax>
			<ymax>29</ymax>
		</bndbox>
	</object>
</annotation>
