<annotation>
	<folder>bank_images</folder>
	<filename>capone-logo200x200.png</filename>
	<path>A:\haoyu\BankProj\bank_images\capone-logo200x200.png</path>
	<source>
		<database>Unknown</database>
	</source>
	<size>
		<width>200</width>
		<height>200</height>
		<depth>3</depth>
	</size>
	<segmented>0</segmented>
	<object>
		<name>Capital One</name>
		<pose>Unspecified</pose>
		<truncated>0</truncated>
		<difficult>0</difficult>
		<bndbox>
			<xmin>19</xmin>
			<ymin>67</ymin>
			<xmax>184</xmax>
			<ymax>129</ymax>
		</bndbox>
	</object>
</annotation>
