<annotation>
	<folder>bank_images</folder>
	<filename>cashtags-by-square_toe.jpg</filename>
	<path>A:\haoyu\BankProj\bank_images\cashtags-by-square_toe.jpg</path>
	<source>
		<database>Unknown</database>
	</source>
	<size>
		<width>400</width>
		<height>260</height>
		<depth>3</depth>
	</size>
	<segmented>0</segmented>
	<object>
		<name>Other</name>
		<pose>Unspecified</pose>
		<truncated>0</truncated>
		<difficult>0</difficult>
		<bndbox>
			<xmin>3</xmin>
			<ymin>91</ymin>
			<xmax>395</xmax>
			<ymax>164</ymax>
		</bndbox>
	</object>
</annotation>
