<annotation>
	<folder>bank_images</folder>
	<filename>Cash-App-Featured-730x411.png</filename>
	<path>A:\haoyu\BankProj\bank_images\Cash-App-Featured-730x411.png</path>
	<source>
		<database>Unknown</database>
	</source>
	<size>
		<width>730</width>
		<height>411</height>
		<depth>3</depth>
	</size>
	<segmented>0</segmented>
	<object>
		<name>Other</name>
		<pose>Unspecified</pose>
		<truncated>0</truncated>
		<difficult>0</difficult>
		<bndbox>
			<xmin>40</xmin>
			<ymin>9</ymin>
			<xmax>147</xmax>
			<ymax>45</ymax>
		</bndbox>
	</object>
</annotation>
