<annotation>
	<folder>bank_images</folder>
	<filename>ce3be48e219cefdaf3311a291adf1023.png</filename>
	<path>A:\haoyu\BankProj\bank_images\ce3be48e219cefdaf3311a291adf1023.png</path>
	<source>
		<database>Unknown</database>
	</source>
	<size>
		<width>1133</width>
		<height>1226</height>
		<depth>3</depth>
	</size>
	<segmented>0</segmented>
	<object>
		<name>Wells Fargo</name>
		<pose>Unspecified</pose>
		<truncated>0</truncated>
		<difficult>0</difficult>
		<bndbox>
			<xmin>802</xmin>
			<ymin>136</ymin>
			<xmax>902</xmax>
			<ymax>232</ymax>
		</bndbox>
	</object>
</annotation>
