<annotation>
	<folder>bank_images</folder>
	<filename>cfa54-screenshot2013-02-24at5-58-14pm.jpg</filename>
	<path>A:\haoyu\BankProj\bank_images\cfa54-screenshot2013-02-24at5-58-14pm.jpg</path>
	<source>
		<database>Unknown</database>
	</source>
	<size>
		<width>1600</width>
		<height>1000</height>
		<depth>3</depth>
	</size>
	<segmented>0</segmented>
	<object>
		<name>Citigroup Inc</name>
		<pose>Unspecified</pose>
		<truncated>0</truncated>
		<difficult>0</difficult>
		<bndbox>
			<xmin>222</xmin>
			<ymin>171</ymin>
			<xmax>409</xmax>
			<ymax>234</ymax>
		</bndbox>
	</object>
</annotation>
