<annotation>
	<folder>bank_images</folder>
	<filename>chase-logo-min.png</filename>
	<path>A:\haoyu\BankProj\bank_images\chase-logo-min.png</path>
	<source>
		<database>Unknown</database>
	</source>
	<size>
		<width>811</width>
		<height>96</height>
		<depth>3</depth>
	</size>
	<segmented>0</segmented>
	<object>
		<name>JPMorgan Chase</name>
		<pose>Unspecified</pose>
		<truncated>0</truncated>
		<difficult>0</difficult>
		<bndbox>
			<xmin>418</xmin>
			<ymin>22</ymin>
			<xmax>781</xmax>
			<ymax>92</ymax>
		</bndbox>
	</object>
</annotation>
