<annotation>
	<folder>bank_images</folder>
	<filename>chase-bank-statements-chase-bank-statement-template-complete-vision-08-5.jpg</filename>
	<path>A:\haoyu\BankProj\bank_images\chase-bank-statements-chase-bank-statement-template-complete-vision-08-5.jpg</path>
	<source>
		<database>Unknown</database>
	</source>
	<size>
		<width>810</width>
		<height>1045</height>
		<depth>3</depth>
	</size>
	<segmented>0</segmented>
	<object>
		<name>JPMorgan Chase</name>
		<pose>Unspecified</pose>
		<truncated>0</truncated>
		<difficult>0</difficult>
		<bndbox>
			<xmin>223</xmin>
			<ymin>88</ymin>
			<xmax>605</xmax>
			<ymax>177</ymax>
		</bndbox>
	</object>
</annotation>
