<annotation>
	<folder>bank_images</folder>
	<filename>chaseletter.jpg</filename>
	<path>A:\haoyu\BankProj\bank_images\chaseletter.jpg</path>
	<source>
		<database>Unknown</database>
	</source>
	<size>
		<width>1224</width>
		<height>1584</height>
		<depth>1</depth>
	</size>
	<segmented>0</segmented>
	<object>
		<name>JPMorgan Chase</name>
		<pose>Unspecified</pose>
		<truncated>0</truncated>
		<difficult>0</difficult>
		<bndbox>
			<xmin>71</xmin>
			<ymin>92</ymin>
			<xmax>288</xmax>
			<ymax>137</ymax>
		</bndbox>
	</object>
</annotation>
