<annotation>
	<folder>bank_images</folder>
	<filename>chase1-300x189.png</filename>
	<path>A:\haoyu\BankProj\bank_images\chase1-300x189.png</path>
	<source>
		<database>Unknown</database>
	</source>
	<size>
		<width>300</width>
		<height>189</height>
		<depth>3</depth>
	</size>
	<segmented>0</segmented>
	<object>
		<name>JPMorgan Chase</name>
		<pose>Unspecified</pose>
		<truncated>1</truncated>
		<difficult>0</difficult>
		<bndbox>
			<xmin>7</xmin>
			<ymin>1</ymin>
			<xmax>49</xmax>
			<ymax>9</ymax>
		</bndbox>
	</object>
</annotation>
