<annotation>
	<folder>bank_images</folder>
	<filename>Chase-Bank-logo.png</filename>
	<path>A:\haoyu\BankProj\bank_images\Chase-Bank-logo.png</path>
	<source>
		<database>Unknown</database>
	</source>
	<size>
		<width>320</width>
		<height>240</height>
		<depth>3</depth>
	</size>
	<segmented>0</segmented>
	<object>
		<name>JPMorgan Chase</name>
		<pose>Unspecified</pose>
		<truncated>0</truncated>
		<difficult>0</difficult>
		<bndbox>
			<xmin>27</xmin>
			<ymin>17</ymin>
			<xmax>298</xmax>
			<ymax>229</ymax>
		</bndbox>
	</object>
</annotation>
