<annotation>
	<folder>bank_images</folder>
	<filename>chase.png</filename>
	<path>A:\haoyu\BankProj\bank_images\chase.png</path>
	<source>
		<database>Unknown</database>
	</source>
	<size>
		<width>610</width>
		<height>202</height>
		<depth>1</depth>
	</size>
	<segmented>0</segmented>
	<object>
		<name>JPMorgan Chase</name>
		<pose>Unspecified</pose>
		<truncated>0</truncated>
		<difficult>0</difficult>
		<bndbox>
			<xmin>17</xmin>
			<ymin>16</ymin>
			<xmax>182</xmax>
			<ymax>52</ymax>
		</bndbox>
	</object>
</annotation>
