<annotation>
	<folder>bank_images</folder>
	<filename>chase_cant_send_international_wires.png</filename>
	<path>A:\haoyu\BankProj\bank_images\chase_cant_send_international_wires.png</path>
	<source>
		<database>Unknown</database>
	</source>
	<size>
		<width>1600</width>
		<height>790</height>
		<depth>3</depth>
	</size>
	<segmented>0</segmented>
	<object>
		<name>JPMorgan Chase</name>
		<pose>Unspecified</pose>
		<truncated>0</truncated>
		<difficult>0</difficult>
		<bndbox>
			<xmin>354</xmin>
			<ymin>72</ymin>
			<xmax>492</xmax>
			<ymax>104</ymax>
		</bndbox>
	</object>
	<object>
		<name>JPMorgan Chase</name>
		<pose>Unspecified</pose>
		<truncated>0</truncated>
		<difficult>0</difficult>
		<bndbox>
			<xmin>769</xmin>
			<ymin>97</ymin>
			<xmax>1022</xmax>
			<ymax>155</ymax>
		</bndbox>
	</object>
</annotation>
