<annotation>
	<folder>bank_images</folder>
	<filename>Chase-merchant-services-logo.png</filename>
	<path>A:\haoyu\BankProj\bank_images\Chase-merchant-services-logo.png</path>
	<source>
		<database>Unknown</database>
	</source>
	<size>
		<width>1020</width>
		<height>680</height>
		<depth>3</depth>
	</size>
	<segmented>0</segmented>
	<object>
		<name>JPMorgan Chase</name>
		<pose>Unspecified</pose>
		<truncated>1</truncated>
		<difficult>0</difficult>
		<bndbox>
			<xmin>9</xmin>
			<ymin>243</ymin>
			<xmax>1020</xmax>
			<ymax>441</ymax>
		</bndbox>
	</object>
</annotation>
