<annotation>
	<folder>bank_images</folder>
	<filename>chase-logo.jpg</filename>
	<path>A:\haoyu\BankProj\bank_images\chase-logo.jpg</path>
	<source>
		<database>Unknown</database>
	</source>
	<size>
		<width>875</width>
		<height>442</height>
		<depth>3</depth>
	</size>
	<segmented>0</segmented>
	<object>
		<name>JPMorgan Chase</name>
		<pose>Unspecified</pose>
		<truncated>0</truncated>
		<difficult>0</difficult>
		<bndbox>
			<xmin>329</xmin>
			<ymin>125</ymin>
			<xmax>532</xmax>
			<ymax>332</ymax>
		</bndbox>
	</object>
</annotation>
