<annotation>
	<folder>bank_images</folder>
	<filename>chase-bank-statements-free-tidyformrhtidyformcom-download-chase-bank-statement-template-sample-for-free-tidyformrhtidyformcom.jpg</filename>
	<path>A:\haoyu\BankProj\bank_images\chase-bank-statements-free-tidyformrhtidyformcom-download-chase-bank-statement-template-sample-for-free-tidyformrhtidyformcom.jpg</path>
	<source>
		<database>Unknown</database>
	</source>
	<size>
		<width>1899</width>
		<height>1083</height>
		<depth>3</depth>
	</size>
	<segmented>0</segmented>
	<object>
		<name>JPMorgan Chase</name>
		<pose>Unspecified</pose>
		<truncated>0</truncated>
		<difficult>0</difficult>
		<bndbox>
			<xmin>48</xmin>
			<ymin>90</ymin>
			<xmax>369</xmax>
			<ymax>170</ymax>
		</bndbox>
	</object>
</annotation>
