<annotation>
	<folder>bank_images</folder>
	<filename>Chase-logo1.png</filename>
	<path>A:\haoyu\BankProj\bank_images\Chase-logo1.png</path>
	<source>
		<database>Unknown</database>
	</source>
	<size>
		<width>1104</width>
		<height>521</height>
		<depth>3</depth>
	</size>
	<segmented>0</segmented>
	<object>
		<name>JPMorgan Chase</name>
		<pose>Unspecified</pose>
		<truncated>0</truncated>
		<difficult>0</difficult>
		<bndbox>
			<xmin>357</xmin>
			<ymin>63</ymin>
			<xmax>749</xmax>
			<ymax>452</ymax>
		</bndbox>
	</object>
</annotation>
