<annotation>
	<folder>bank_images</folder>
	<filename>Chase-Bank.png</filename>
	<path>A:\haoyu\BankProj\bank_images\Chase-Bank.png</path>
	<source>
		<database>Unknown</database>
	</source>
	<size>
		<width>1275</width>
		<height>1650</height>
		<depth>1</depth>
	</size>
	<segmented>0</segmented>
	<object>
		<name>JPMorgan Chase</name>
		<pose>Unspecified</pose>
		<truncated>0</truncated>
		<difficult>0</difficult>
		<bndbox>
			<xmin>513</xmin>
			<ymin>56</ymin>
			<xmax>748</xmax>
			<ymax>118</ymax>
		</bndbox>
	</object>
</annotation>
