<annotation>
	<folder>bank_images</folder>
	<filename>chase-bank-statements-6c70a1d1763774d7e07c86d5ae902362.png</filename>
	<path>A:\haoyu\BankProj\bank_images\chase-bank-statements-6c70a1d1763774d7e07c86d5ae902362.png</path>
	<source>
		<database>Unknown</database>
	</source>
	<size>
		<width>1281</width>
		<height>1656</height>
		<depth>3</depth>
	</size>
	<segmented>0</segmented>
	<object>
		<name>JPMorgan Chase</name>
		<pose>Unspecified</pose>
		<truncated>0</truncated>
		<difficult>0</difficult>
		<bndbox>
			<xmin>89</xmin>
			<ymin>87</ymin>
			<xmax>288</xmax>
			<ymax>122</ymax>
		</bndbox>
	</object>
</annotation>
