<annotation>
	<folder>bank_images</folder>
	<filename>chase-check-routing-and-account-number.png</filename>
	<path>A:\haoyu\BankProj\bank_images\chase-check-routing-and-account-number.png</path>
	<source>
		<database>Unknown</database>
	</source>
	<size>
		<width>499</width>
		<height>321</height>
		<depth>3</depth>
	</size>
	<segmented>0</segmented>
	<object>
		<name>JPMorgan Chase</name>
		<pose>Unspecified</pose>
		<truncated>0</truncated>
		<difficult>0</difficult>
		<bndbox>
			<xmin>29</xmin>
			<ymin>126</ymin>
			<xmax>117</xmax>
			<ymax>145</ymax>
		</bndbox>
	</object>
</annotation>
