<annotation>
	<folder>bank_images</folder>
	<filename>citi-bank-24-638.jpg</filename>
	<path>A:\haoyu\BankProj\bank_images\citi-bank-24-638.jpg</path>
	<source>
		<database>Unknown</database>
	</source>
	<size>
		<width>638</width>
		<height>479</height>
		<depth>3</depth>
	</size>
	<segmented>0</segmented>
	<object>
		<name>Citigroup Inc</name>
		<pose>Unspecified</pose>
		<truncated>0</truncated>
		<difficult>0</difficult>
		<bndbox>
			<xmin>2</xmin>
			<ymin>34</ymin>
			<xmax>126</xmax>
			<ymax>72</ymax>
		</bndbox>
	</object>
</annotation>
