<annotation>
	<folder>bank_images</folder>
	<filename>citigroup-plutonomy-1.gif</filename>
	<path>A:\haoyu\BankProj\bank_images\citigroup-plutonomy-1.gif</path>
	<source>
		<database>Unknown</database>
	</source>
	<size>
		<width>600</width>
		<height>180</height>
		<depth>3</depth>
	</size>
	<segmented>0</segmented>
	<object>
		<name>Citigroup Inc</name>
		<pose>Unspecified</pose>
		<truncated>0</truncated>
		<difficult>0</difficult>
		<bndbox>
			<xmin>5</xmin>
			<ymin>7</ymin>
			<xmax>154</xmax>
			<ymax>46</ymax>
		</bndbox>
	</object>
</annotation>
