<annotation>
	<folder>bank_images</folder>
	<filename>citibank-logo.png</filename>
	<path>A:\haoyu\BankProj\bank_images\citibank-logo.png</path>
	<source>
		<database>Unknown</database>
	</source>
	<size>
		<width>300</width>
		<height>305</height>
		<depth>3</depth>
	</size>
	<segmented>0</segmented>
	<object>
		<name>Citigroup Inc</name>
		<pose>Unspecified</pose>
		<truncated>0</truncated>
		<difficult>0</difficult>
		<bndbox>
			<xmin>28</xmin>
			<ymin>99</ymin>
			<xmax>273</xmax>
			<ymax>168</ymax>
		</bndbox>
	</object>
</annotation>
