<annotation>
	<folder>bank_images</folder>
	<filename>citialertmain.png</filename>
	<path>A:\haoyu\BankProj\bank_images\citialertmain.png</path>
	<source>
		<database>Unknown</database>
	</source>
	<size>
		<width>640</width>
		<height>705</height>
		<depth>3</depth>
	</size>
	<segmented>0</segmented>
	<object>
		<name>Citigroup Inc</name>
		<pose>Unspecified</pose>
		<truncated>0</truncated>
		<difficult>0</difficult>
		<bndbox>
			<xmin>13</xmin>
			<ymin>17</ymin>
			<xmax>55</xmax>
			<ymax>42</ymax>
		</bndbox>
	</object>
</annotation>
