<annotation>
	<folder>bank_images</folder>
	<filename>citibank_logo_desktop17Jun2014153301.jpg</filename>
	<path>A:\haoyu\BankProj\bank_images\citibank_logo_desktop17Jun2014153301.jpg</path>
	<source>
		<database>Unknown</database>
	</source>
	<size>
		<width>680</width>
		<height>550</height>
		<depth>3</depth>
	</size>
	<segmented>0</segmented>
	<object>
		<name>Citigroup Inc</name>
		<pose>Unspecified</pose>
		<truncated>0</truncated>
		<difficult>0</difficult>
		<bndbox>
			<xmin>164</xmin>
			<ymin>228</ymin>
			<xmax>517</xmax>
			<ymax>330</ymax>
		</bndbox>
	</object>
</annotation>
