<annotation>
	<folder>bank_images</folder>
	<filename>Citigroup.jpg</filename>
	<path>A:\haoyu\BankProj\bank_images\Citigroup.jpg</path>
	<source>
		<database>Unknown</database>
	</source>
	<size>
		<width>640</width>
		<height>360</height>
		<depth>3</depth>
	</size>
	<segmented>0</segmented>
	<object>
		<name>Citigroup Inc</name>
		<pose>Unspecified</pose>
		<truncated>1</truncated>
		<difficult>0</difficult>
		<bndbox>
			<xmin>4</xmin>
			<ymin>97</ymin>
			<xmax>640</xmax>
			<ymax>284</ymax>
		</bndbox>
	</object>
</annotation>
