<annotation>
	<folder>bank_images</folder>
	<filename>CitigrougCIB_logo2.gif</filename>
	<path>A:\haoyu\BankProj\bank_images\CitigrougCIB_logo2.gif</path>
	<source>
		<database>Unknown</database>
	</source>
	<size>
		<width>140</width>
		<height>90</height>
		<depth>3</depth>
	</size>
	<segmented>0</segmented>
	<object>
		<name>Citigroup Inc</name>
		<pose>Unspecified</pose>
		<truncated>0</truncated>
		<difficult>0</difficult>
		<bndbox>
			<xmin>4</xmin>
			<ymin>2</ymin>
			<xmax>114</xmax>
			<ymax>32</ymax>
		</bndbox>
	</object>
</annotation>
