<annotation>
	<folder>bank_images</folder>
	<filename>Citigroup-Logo-2018-770x470.jpg</filename>
	<path>A:\haoyu\BankProj\bank_images\Citigroup-Logo-2018-770x470.jpg</path>
	<source>
		<database>Unknown</database>
	</source>
	<size>
		<width>770</width>
		<height>470</height>
		<depth>3</depth>
	</size>
	<segmented>0</segmented>
	<object>
		<name>Citigroup Inc</name>
		<pose>Unspecified</pose>
		<truncated>1</truncated>
		<difficult>0</difficult>
		<bndbox>
			<xmin>10</xmin>
			<ymin>103</ymin>
			<xmax>770</xmax>
			<ymax>316</ymax>
		</bndbox>
	</object>
</annotation>
