<annotation>
	<folder>bank_images</folder>
	<filename>citi-bank-credit-card-statement-statement.jpg</filename>
	<path>A:\haoyu\BankProj\bank_images\citi-bank-credit-card-statement-statement.jpg</path>
	<source>
		<database>Unknown</database>
	</source>
	<size>
		<width>614</width>
		<height>569</height>
		<depth>3</depth>
	</size>
	<segmented>0</segmented>
	<object>
		<name>Citigroup Inc</name>
		<pose>Unspecified</pose>
		<truncated>0</truncated>
		<difficult>0</difficult>
		<bndbox>
			<xmin>30</xmin>
			<ymin>32</ymin>
			<xmax>99</xmax>
			<ymax>67</ymax>
		</bndbox>
	</object>
</annotation>
