<annotation>
	<folder>bank_images</folder>
	<filename>Citigroup_header.png</filename>
	<path>A:\haoyu\BankProj\bank_images\Citigroup_header.png</path>
	<source>
		<database>Unknown</database>
	</source>
	<size>
		<width>1884</width>
		<height>486</height>
		<depth>3</depth>
	</size>
	<segmented>0</segmented>
	<object>
		<name>Citigroup Inc</name>
		<pose>Unspecified</pose>
		<truncated>0</truncated>
		<difficult>0</difficult>
		<bndbox>
			<xmin>1438</xmin>
			<ymin>40</ymin>
			<xmax>1812</xmax>
			<ymax>158</ymax>
		</bndbox>
	</object>
</annotation>
