<annotation>
	<folder>bank_images</folder>
	<filename>citigroup8.jpg</filename>
	<path>A:\haoyu\BankProj\bank_images\citigroup8.jpg</path>
	<source>
		<database>Unknown</database>
	</source>
	<size>
		<width>810</width>
		<height>455</height>
		<depth>3</depth>
	</size>
	<segmented>0</segmented>
	<object>
		<name>Citigroup Inc</name>
		<pose>Unspecified</pose>
		<truncated>0</truncated>
		<difficult>0</difficult>
		<bndbox>
			<xmin>16</xmin>
			<ymin>122</ymin>
			<xmax>785</xmax>
			<ymax>334</ymax>
		</bndbox>
	</object>
</annotation>
