<annotation>
	<folder>bank_images</folder>
	<filename>citibank-bank-statement-format-3699226246_f7485e3707_o.jpg</filename>
	<path>A:\haoyu\BankProj\bank_images\citibank-bank-statement-format-3699226246_f7485e3707_o.jpg</path>
	<source>
		<database>Unknown</database>
	</source>
	<size>
		<width>494</width>
		<height>329</height>
		<depth>3</depth>
	</size>
	<segmented>0</segmented>
	<object>
		<name>Citigroup Inc</name>
		<pose>Unspecified</pose>
		<truncated>0</truncated>
		<difficult>0</difficult>
		<bndbox>
			<xmin>34</xmin>
			<ymin>39</ymin>
			<xmax>94</xmax>
			<ymax>76</ymax>
		</bndbox>
	</object>
</annotation>
