<annotation>
	<folder>bank_images</folder>
	<filename>CitigroupLogo2.jpg</filename>
	<path>A:\haoyu\BankProj\bank_images\CitigroupLogo2.jpg</path>
	<source>
		<database>Unknown</database>
	</source>
	<size>
		<width>600</width>
		<height>400</height>
		<depth>3</depth>
	</size>
	<segmented>0</segmented>
	<object>
		<name>Citigroup Inc</name>
		<pose>Unspecified</pose>
		<truncated>0</truncated>
		<difficult>0</difficult>
		<bndbox>
			<xmin>6</xmin>
			<ymin>96</ymin>
			<xmax>596</xmax>
			<ymax>256</ymax>
		</bndbox>
	</object>
</annotation>
