<annotation>
	<folder>bank_images</folder>
	<filename>citi-hk-logo.png</filename>
	<path>A:\haoyu\BankProj\bank_images\citi-hk-logo.png</path>
	<source>
		<database>Unknown</database>
	</source>
	<size>
		<width>700</width>
		<height>700</height>
		<depth>3</depth>
	</size>
	<segmented>0</segmented>
	<object>
		<name>Citigroup Inc</name>
		<pose>Unspecified</pose>
		<truncated>0</truncated>
		<difficult>0</difficult>
		<bndbox>
			<xmin>82</xmin>
			<ymin>167</ymin>
			<xmax>444</xmax>
			<ymax>385</ymax>
		</bndbox>
	</object>
</annotation>
