<annotation>
	<folder>bank_images</folder>
	<filename>Citigroup-logo-logo.png</filename>
	<path>A:\haoyu\BankProj\bank_images\Citigroup-logo-logo.png</path>
	<source>
		<database>Unknown</database>
	</source>
	<size>
		<width>2272</width>
		<height>1704</height>
		<depth>3</depth>
	</size>
	<segmented>0</segmented>
	<object>
		<name>Citigroup Inc</name>
		<pose>Unspecified</pose>
		<truncated>0</truncated>
		<difficult>0</difficult>
		<bndbox>
			<xmin>70</xmin>
			<ymin>565</ymin>
			<xmax>2206</xmax>
			<ymax>1145</ymax>
		</bndbox>
	</object>
</annotation>
