<annotation>
	<folder>bank_images</folder>
	<filename>co360.png</filename>
	<path>A:\haoyu\BankProj\bank_images\co360.png</path>
	<source>
		<database>Unknown</database>
	</source>
	<size>
		<width>656</width>
		<height>318</height>
		<depth>3</depth>
	</size>
	<segmented>0</segmented>
	<object>
		<name>Capital One</name>
		<pose>Unspecified</pose>
		<truncated>0</truncated>
		<difficult>0</difficult>
		<bndbox>
			<xmin>106</xmin>
			<ymin>3</ymin>
			<xmax>177</xmax>
			<ymax>30</ymax>
		</bndbox>
	</object>
</annotation>
