<annotation>
	<folder>bank_images</folder>
	<filename>cover2.png</filename>
	<path>A:\haoyu\BankProj\bank_images\cover2.png</path>
	<source>
		<database>Unknown</database>
	</source>
	<size>
		<width>760</width>
		<height>353</height>
		<depth>3</depth>
	</size>
	<segmented>0</segmented>
	<object>
		<name>JPMorgan Chase</name>
		<pose>Unspecified</pose>
		<truncated>0</truncated>
		<difficult>0</difficult>
		<bndbox>
			<xmin>34</xmin>
			<ymin>15</ymin>
			<xmax>200</xmax>
			<ymax>50</ymax>
		</bndbox>
	</object>
</annotation>
