<annotation>
	<folder>bank_images</folder>
	<filename>Credit-Card-Fraud-2.png</filename>
	<path>A:\haoyu\BankProj\bank_images\Credit-Card-Fraud-2.png</path>
	<source>
		<database>Unknown</database>
	</source>
	<size>
		<width>700</width>
		<height>181</height>
		<depth>3</depth>
	</size>
	<segmented>0</segmented>
	<object>
		<name>Citigroup Inc</name>
		<pose>Unspecified</pose>
		<truncated>0</truncated>
		<difficult>0</difficult>
		<bndbox>
			<xmin>16</xmin>
			<ymin>12</ymin>
			<xmax>60</xmax>
			<ymax>37</ymax>
		</bndbox>
	</object>
</annotation>
