<annotation>
	<folder>bank_images</folder>
	<filename>JPMorganChase.png</filename>
	<path>A:\haoyu\BankProj\bank_images\JPMorganChase.png</path>
	<source>
		<database>Unknown</database>
	</source>
	<size>
		<width>256</width>
		<height>192</height>
		<depth>3</depth>
	</size>
	<segmented>0</segmented>
	<object>
		<name>Citigroup Inc</name>
		<pose>Unspecified</pose>
		<truncated>0</truncated>
		<difficult>0</difficult>
		<bndbox>
			<xmin>10</xmin>
			<ymin>8</ymin>
			<xmax>250</xmax>
			<ymax>185</ymax>
		</bndbox>
	</object>
</annotation>
