<annotation>
	<folder>bank_images</folder>
	<filename>login-header-branding.png</filename>
	<path>A:\haoyu\BankProj\bank_images\login-header-branding.png</path>
	<source>
		<database>Unknown</database>
	</source>
	<size>
		<width>587</width>
		<height>216</height>
		<depth>3</depth>
	</size>
	<segmented>0</segmented>
	<object>
		<name>Citigroup Inc</name>
		<pose>Unspecified</pose>
		<truncated>0</truncated>
		<difficult>0</difficult>
		<bndbox>
			<xmin>179</xmin>
			<ymin>75</ymin>
			<xmax>272</xmax>
			<ymax>134</ymax>
		</bndbox>
	</object>
</annotation>
