<annotation>
	<folder>bank_images</folder>
	<filename>logo-square-web_750xx600-337-0-13.jpg</filename>
	<path>A:\haoyu\BankProj\bank_images\logo-square-web_750xx600-337-0-13.jpg</path>
	<source>
		<database>Unknown</database>
	</source>
	<size>
		<width>600</width>
		<height>337</height>
		<depth>3</depth>
	</size>
	<segmented>0</segmented>
	<object>
		<name>Other</name>
		<pose>Unspecified</pose>
		<truncated>0</truncated>
		<difficult>0</difficult>
		<bndbox>
			<xmin>188</xmin>
			<ymin>30</ymin>
			<xmax>414</xmax>
			<ymax>253</ymax>
		</bndbox>
	</object>
</annotation>
