<annotation>
	<folder>bank_images</folder>
	<filename>ls.jpg</filename>
	<path>A:\haoyu\BankProj\bank_images\ls.jpg</path>
	<source>
		<database>Unknown</database>
	</source>
	<size>
		<width>250</width>
		<height>250</height>
		<depth>3</depth>
	</size>
	<segmented>0</segmented>
	<object>
		<name>Capital One</name>
		<pose>Unspecified</pose>
		<truncated>0</truncated>
		<difficult>0</difficult>
		<bndbox>
			<xmin>18</xmin>
			<ymin>78</ymin>
			<xmax>230</xmax>
			<ymax>149</ymax>
		</bndbox>
	</object>
</annotation>
