<annotation>
	<folder>bank_images</folder>
	<filename>main-qimg-7cb8b5c33a539eeaffac797c879afaa2.jpg</filename>
	<path>A:\haoyu\BankProj\bank_images\main-qimg-7cb8b5c33a539eeaffac797c879afaa2.jpg</path>
	<source>
		<database>Unknown</database>
	</source>
	<size>
		<width>602</width>
		<height>262</height>
		<depth>3</depth>
	</size>
	<segmented>0</segmented>
	<object>
		<name>Bank of America</name>
		<pose>Unspecified</pose>
		<truncated>0</truncated>
		<difficult>0</difficult>
		<bndbox>
			<xmin>17</xmin>
			<ymin>25</ymin>
			<xmax>167</xmax>
			<ymax>60</ymax>
		</bndbox>
	</object>
</annotation>
