<annotation>
	<folder>bank_images</folder>
	<filename>main-qimg-60751b21d8982f93da0454b28eb6a66b.png</filename>
	<path>A:\haoyu\BankProj\bank_images\main-qimg-60751b21d8982f93da0454b28eb6a66b.png</path>
	<source>
		<database>Unknown</database>
	</source>
	<size>
		<width>602</width>
		<height>301</height>
		<depth>3</depth>
	</size>
	<segmented>0</segmented>
	<object>
		<name>Capital One</name>
		<pose>Unspecified</pose>
		<truncated>1</truncated>
		<difficult>0</difficult>
		<bndbox>
			<xmin>255</xmin>
			<ymin>1</ymin>
			<xmax>320</xmax>
			<ymax>61</ymax>
		</bndbox>
	</object>
</annotation>
