<annotation>
	<folder>bank_images</folder>
	<filename>malicious-email_02_mobile.jpg</filename>
	<path>A:\haoyu\BankProj\bank_images\malicious-email_02_mobile.jpg</path>
	<source>
		<database>Unknown</database>
	</source>
	<size>
		<width>520</width>
		<height>492</height>
		<depth>3</depth>
	</size>
	<segmented>0</segmented>
	<object>
		<name>Capital One</name>
		<pose>Unspecified</pose>
		<truncated>0</truncated>
		<difficult>0</difficult>
		<bndbox>
			<xmin>50</xmin>
			<ymin>94</ymin>
			<xmax>123</xmax>
			<ymax>122</ymax>
		</bndbox>
	</object>
</annotation>
