<annotation>
	<folder>bank_images</folder>
	<filename>markenname-citigroup-und-citybank-berlin-FJ05JB.jpg</filename>
	<path>A:\haoyu\BankProj\bank_images\markenname-citigroup-und-citybank-berlin-FJ05JB.jpg</path>
	<source>
		<database>Unknown</database>
	</source>
	<size>
		<width>1300</width>
		<height>934</height>
		<depth>3</depth>
	</size>
	<segmented>0</segmented>
	<object>
		<name>Citigroup Inc</name>
		<pose>Unspecified</pose>
		<truncated>0</truncated>
		<difficult>0</difficult>
		<bndbox>
			<xmin>66</xmin>
			<ymin>31</ymin>
			<xmax>345</xmax>
			<ymax>213</ymax>
		</bndbox>
	</object>
	<object>
		<name>Citigroup Inc</name>
		<pose>Unspecified</pose>
		<truncated>0</truncated>
		<difficult>0</difficult>
		<bndbox>
			<xmin>490</xmin>
			<ymin>50</ymin>
			<xmax>731</xmax>
			<ymax>212</ymax>
		</bndbox>
	</object>
	<object>
		<name>Citigroup Inc</name>
		<pose>Unspecified</pose>
		<truncated>0</truncated>
		<difficult>0</difficult>
		<bndbox>
			<xmin>817</xmin>
			<ymin>99</ymin>
			<xmax>1288</xmax>
			<ymax>228</ymax>
		</bndbox>
	</object>
	<object>
		<name>Citigroup Inc</name>
		<pose>Unspecified</pose>
		<truncated>0</truncated>
		<difficult>0</difficult>
		<bndbox>
			<xmin>13</xmin>
			<ymin>374</ymin>
			<xmax>319</xmax>
			<ymax>479</ymax>
		</bndbox>
	</object>
	<object>
		<name>Citigroup Inc</name>
		<pose>Unspecified</pose>
		<truncated>0</truncated>
		<difficult>0</difficult>
		<bndbox>
			<xmin>353</xmin>
			<ymin>335</ymin>
			<xmax>790</xmax>
			<ymax>461</ymax>
		</bndbox>
	</object>
	<object>
		<name>Citigroup Inc</name>
		<pose>Unspecified</pose>
		<truncated>0</truncated>
		<difficult>0</difficult>
		<bndbox>
			<xmin>806</xmin>
			<ymin>369</ymin>
			<xmax>1227</xmax>
			<ymax>491</ymax>
		</bndbox>
	</object>
	<object>
		<name>Citigroup Inc</name>
		<pose>Unspecified</pose>
		<truncated>0</truncated>
		<difficult>0</difficult>
		<bndbox>
			<xmin>65</xmin>
			<ymin>624</ymin>
			<xmax>319</xmax>
			<ymax>781</ymax>
		</bndbox>
	</object>
	<object>
		<name>Citigroup Inc</name>
		<pose>Unspecified</pose>
		<truncated>0</truncated>
		<difficult>0</difficult>
		<bndbox>
			<xmin>373</xmin>
			<ymin>636</ymin>
			<xmax>766</xmax>
			<ymax>755</ymax>
		</bndbox>
	</object>
	<object>
		<name>Citigroup Inc</name>
		<pose>Unspecified</pose>
		<truncated>0</truncated>
		<difficult>0</difficult>
		<bndbox>
			<xmin>774</xmin>
			<ymin>577</ymin>
			<xmax>1166</xmax>
			<ymax>693</ymax>
		</bndbox>
	</object>
</annotation>
