<annotation>
	<folder>bank_images</folder>
	<filename>Modal_CAB.fe904be7.png</filename>
	<path>A:\haoyu\BankProj\bank_images\Modal_CAB.fe904be7.png</path>
	<source>
		<database>Unknown</database>
	</source>
	<size>
		<width>1440</width>
		<height>863</height>
		<depth>3</depth>
	</size>
	<segmented>0</segmented>
	<object>
		<name>Capital One</name>
		<pose>Unspecified</pose>
		<truncated>0</truncated>
		<difficult>0</difficult>
		<bndbox>
			<xmin>159</xmin>
			<ymin>10</ymin>
			<xmax>287</xmax>
			<ymax>65</ymax>
		</bndbox>
	</object>
</annotation>
