<annotation>
	<folder>bank_images</folder>
	<filename>Ninja-CapitalONe.png</filename>
	<path>A:\haoyu\BankProj\bank_images\Ninja-CapitalONe.png</path>
	<source>
		<database>Unknown</database>
	</source>
	<size>
		<width>732</width>
		<height>280</height>
		<depth>3</depth>
	</size>
	<segmented>0</segmented>
	<object>
		<name>Capital One</name>
		<pose>Unspecified</pose>
		<truncated>0</truncated>
		<difficult>0</difficult>
		<bndbox>
			<xmin>289</xmin>
			<ymin>67</ymin>
			<xmax>694</xmax>
			<ymax>211</ymax>
		</bndbox>
	</object>
</annotation>
