<annotation>
	<folder>bank_images</folder>
	<filename>OB-AH222_Citi_20070213110827.jpg</filename>
	<path>A:\haoyu\BankProj\bank_images\OB-AH222_Citi_20070213110827.jpg</path>
	<source>
		<database>Unknown</database>
	</source>
	<size>
		<width>201</width>
		<height>127</height>
		<depth>3</depth>
	</size>
	<segmented>0</segmented>
	<object>
		<name>Citigroup Inc</name>
		<pose>Unspecified</pose>
		<truncated>0</truncated>
		<difficult>0</difficult>
		<bndbox>
			<xmin>43</xmin>
			<ymin>15</ymin>
			<xmax>194</xmax>
			<ymax>56</ymax>
		</bndbox>
	</object>
	<object>
		<name>Citigroup Inc</name>
		<pose>Unspecified</pose>
		<truncated>0</truncated>
		<difficult>0</difficult>
		<bndbox>
			<xmin>40</xmin>
			<ymin>83</ymin>
			<xmax>102</xmax>
			<ymax>122</ymax>
		</bndbox>
	</object>
</annotation>
