<annotation>
	<folder>bank_images</folder>
	<filename>online-stock-01-1.png</filename>
	<path>A:\haoyu\BankProj\bank_images\online-stock-01-1.png</path>
	<source>
		<database>Unknown</database>
	</source>
	<size>
		<width>600</width>
		<height>255</height>
		<depth>3</depth>
	</size>
	<segmented>0</segmented>
	<object>
		<name>Citigroup Inc</name>
		<pose>Unspecified</pose>
		<truncated>0</truncated>
		<difficult>0</difficult>
		<bndbox>
			<xmin>29</xmin>
			<ymin>15</ymin>
			<xmax>119</xmax>
			<ymax>39</ymax>
		</bndbox>
	</object>
</annotation>
