<annotation>
	<folder>bank_images</folder>
	<filename>process-opening-account-2.png</filename>
	<path>A:\haoyu\BankProj\bank_images\process-opening-account-2.png</path>
	<source>
		<database>Unknown</database>
	</source>
	<size>
		<width>400</width>
		<height>378</height>
		<depth>3</depth>
	</size>
	<segmented>0</segmented>
	<object>
		<name>Capital One</name>
		<pose>Unspecified</pose>
		<truncated>0</truncated>
		<difficult>0</difficult>
		<bndbox>
			<xmin>8</xmin>
			<ymin>7</ymin>
			<xmax>57</xmax>
			<ymax>26</ymax>
		</bndbox>
	</object>
</annotation>
