<annotation>
	<folder>bank_images</folder>
	<filename>request-credit-line-increase-from-capital-one.png</filename>
	<path>A:\haoyu\BankProj\bank_images\request-credit-line-increase-from-capital-one.png</path>
	<source>
		<database>Unknown</database>
	</source>
	<size>
		<width>687</width>
		<height>631</height>
		<depth>3</depth>
	</size>
	<segmented>0</segmented>
	<object>
		<name>Capital One</name>
		<pose>Unspecified</pose>
		<truncated>0</truncated>
		<difficult>0</difficult>
		<bndbox>
			<xmin>51</xmin>
			<ymin>20</ymin>
			<xmax>220</xmax>
			<ymax>78</ymax>
		</bndbox>
	</object>
</annotation>
