<annotation>
	<folder>bank_images</folder>
	<filename>RobinhoodReview.jpg</filename>
	<path>A:\haoyu\BankProj\bank_images\RobinhoodReview.jpg</path>
	<source>
		<database>Unknown</database>
	</source>
	<size>
		<width>770</width>
		<height>297</height>
		<depth>3</depth>
	</size>
	<segmented>0</segmented>
	<object>
		<name>Other</name>
		<pose>Unspecified</pose>
		<truncated>0</truncated>
		<difficult>0</difficult>
		<bndbox>
			<xmin>184</xmin>
			<ymin>95</ymin>
			<xmax>604</xmax>
			<ymax>203</ymax>
		</bndbox>
	</object>
</annotation>
