<annotation>
	<folder>bank_images</folder>
	<filename>robinhood-squarelogo-1530549970728.png</filename>
	<path>A:\haoyu\BankProj\bank_images\robinhood-squarelogo-1530549970728.png</path>
	<source>
		<database>Unknown</database>
	</source>
	<size>
		<width>200</width>
		<height>200</height>
		<depth>3</depth>
	</size>
	<segmented>0</segmented>
	<object>
		<name>Other</name>
		<pose>Unspecified</pose>
		<truncated>0</truncated>
		<difficult>0</difficult>
		<bndbox>
			<xmin>62</xmin>
			<ymin>47</ymin>
			<xmax>138</xmax>
			<ymax>153</ymax>
		</bndbox>
	</object>
</annotation>
