<annotation>
	<folder>bank_images</folder>
	<filename>Robinhood1.png</filename>
	<path>A:\haoyu\BankProj\bank_images\Robinhood1.png</path>
	<source>
		<database>Unknown</database>
	</source>
	<size>
		<width>813</width>
		<height>319</height>
		<depth>3</depth>
	</size>
	<segmented>0</segmented>
	<object>
		<name>Other</name>
		<pose>Unspecified</pose>
		<truncated>0</truncated>
		<difficult>0</difficult>
		<bndbox>
			<xmin>98</xmin>
			<ymin>80</ymin>
			<xmax>735</xmax>
			<ymax>237</ymax>
		</bndbox>
	</object>
</annotation>
