<annotation>
	<folder>bank_images</folder>
	<filename>sample-paper-statement.gif</filename>
	<path>A:\haoyu\BankProj\bank_images\sample-paper-statement.gif</path>
	<source>
		<database>Unknown</database>
	</source>
	<size>
		<width>240</width>
		<height>118</height>
		<depth>3</depth>
	</size>
	<segmented>0</segmented>
	<object>
		<name>Capital One</name>
		<pose>Unspecified</pose>
		<truncated>0</truncated>
		<difficult>0</difficult>
		<bndbox>
			<xmin>8</xmin>
			<ymin>5</ymin>
			<xmax>99</xmax>
			<ymax>38</ymax>
		</bndbox>
	</object>
</annotation>
