<annotation>
	<folder>bank_images</folder>
	<filename>sample-bank-of-america-statement-online-bank-account-alerts.png</filename>
	<path>A:\haoyu\BankProj\bank_images\sample-bank-of-america-statement-online-bank-account-alerts.png</path>
	<source>
		<database>Unknown</database>
	</source>
	<size>
		<width>364</width>
		<height>444</height>
		<depth>3</depth>
	</size>
	<segmented>0</segmented>
	<object>
		<name>Bank of America</name>
		<pose>Unspecified</pose>
		<truncated>0</truncated>
		<difficult>0</difficult>
		<bndbox>
			<xmin>18</xmin>
			<ymin>17</ymin>
			<xmax>123</xmax>
			<ymax>37</ymax>
		</bndbox>
	</object>
</annotation>
