<annotation>
	<folder>bank_images</folder>
	<filename>Screen Shot 2018-07-17 at 9.02.12 AM.png</filename>
	<path>A:\haoyu\BankProj\bank_images\Screen Shot 2018-07-17 at 9.02.12 AM.png</path>
	<source>
		<database>Unknown</database>
	</source>
	<size>
		<width>822</width>
		<height>563</height>
		<depth>3</depth>
	</size>
	<segmented>0</segmented>
	<object>
		<name>Wells Fargo</name>
		<pose>Unspecified</pose>
		<truncated>0</truncated>
		<difficult>0</difficult>
		<bndbox>
			<xmin>19</xmin>
			<ymin>98</ymin>
			<xmax>80</xmax>
			<ymax>157</ymax>
		</bndbox>
	</object>
</annotation>
