<annotation>
	<folder>bank_images</folder>
	<filename>screenshot-chaseonline-chase-com-2016-11-25-08-07-07-1024x593.png</filename>
	<path>A:\haoyu\BankProj\bank_images\screenshot-chaseonline-chase-com-2016-11-25-08-07-07-1024x593.png</path>
	<source>
		<database>Unknown</database>
	</source>
	<size>
		<width>1024</width>
		<height>593</height>
		<depth>3</depth>
	</size>
	<segmented>0</segmented>
	<object>
		<name>JPMorgan Chase</name>
		<pose>Unspecified</pose>
		<truncated>0</truncated>
		<difficult>0</difficult>
		<bndbox>
			<xmin>24</xmin>
			<ymin>16</ymin>
			<xmax>162</xmax>
			<ymax>48</ymax>
		</bndbox>
	</object>
</annotation>
