<annotation>
	<folder>bank_images</folder>
	<filename>screen-shot-2014-10-14-at-12-25-56-am.png</filename>
	<path>A:\haoyu\BankProj\bank_images\screen-shot-2014-10-14-at-12-25-56-am.png</path>
	<source>
		<database>Unknown</database>
	</source>
	<size>
		<width>552</width>
		<height>436</height>
		<depth>3</depth>
	</size>
	<segmented>0</segmented>
	<object>
		<name>JPMorgan Chase</name>
		<pose>Unspecified</pose>
		<truncated>0</truncated>
		<difficult>0</difficult>
		<bndbox>
			<xmin>396</xmin>
			<ymin>63</ymin>
			<xmax>514</xmax>
			<ymax>89</ymax>
		</bndbox>
	</object>
</annotation>
