<annotation>
	<folder>bank_images</folder>
	<filename>screenshot-msp-account-summary_475x200.png</filename>
	<path>A:\haoyu\BankProj\bank_images\screenshot-msp-account-summary_475x200.png</path>
	<source>
		<database>Unknown</database>
	</source>
	<size>
		<width>475</width>
		<height>200</height>
		<depth>3</depth>
	</size>
	<segmented>0</segmented>
	<object>
		<name>Wells Fargo</name>
		<pose>Unspecified</pose>
		<truncated>0</truncated>
		<difficult>0</difficult>
		<bndbox>
			<xmin>5</xmin>
			<ymin>7</ymin>
			<xmax>97</xmax>
			<ymax>28</ymax>
		</bndbox>
	</object>
</annotation>
