<annotation>
	<folder>bank_images</folder>
	<filename>Screen Shot 2015-07-08 at 10.24.42 PM.png</filename>
	<path>A:\haoyu\BankProj\bank_images\Screen Shot 2015-07-08 at 10.24.42 PM.png</path>
	<source>
		<database>Unknown</database>
	</source>
	<size>
		<width>638</width>
		<height>460</height>
		<depth>3</depth>
	</size>
	<segmented>0</segmented>
	<object>
		<name>Citigroup Inc</name>
		<pose>Unspecified</pose>
		<truncated>0</truncated>
		<difficult>0</difficult>
		<bndbox>
			<xmin>26</xmin>
			<ymin>39</ymin>
			<xmax>127</xmax>
			<ymax>69</ymax>
		</bndbox>
	</object>
</annotation>
