<annotation>
	<folder>bank_images</folder>
	<filename>Screen Shot 2013-02-01 at 11.png</filename>
	<path>A:\haoyu\BankProj\bank_images\Screen Shot 2013-02-01 at 11.png</path>
	<source>
		<database>Unknown</database>
	</source>
	<size>
		<width>674</width>
		<height>531</height>
		<depth>3</depth>
	</size>
	<segmented>0</segmented>
	<object>
		<name>Capital One</name>
		<pose>Unspecified</pose>
		<truncated>1</truncated>
		<difficult>0</difficult>
		<bndbox>
			<xmin>1</xmin>
			<ymin>7</ymin>
			<xmax>212</xmax>
			<ymax>83</ymax>
		</bndbox>
	</object>
</annotation>
