<annotation>
	<folder>bank_images</folder>
	<filename>small-business-plan-template-wells-fargo-bank-statement-template-keni-candlecomfortzone-com-6808-13054.jpg</filename>
	<path>A:\haoyu\BankProj\bank_images\small-business-plan-template-wells-fargo-bank-statement-template-keni-candlecomfortzone-com-6808-13054.jpg</path>
	<source>
		<database>Unknown</database>
	</source>
	<size>
		<width>1000</width>
		<height>1294</height>
		<depth>3</depth>
	</size>
	<segmented>0</segmented>
	<object>
		<name>Wells Fargo</name>
		<pose>Unspecified</pose>
		<truncated>0</truncated>
		<difficult>0</difficult>
		<bndbox>
			<xmin>812</xmin>
			<ymin>62</ymin>
			<xmax>912</xmax>
			<ymax>155</ymax>
		</bndbox>
	</object>
</annotation>
