<annotation>
	<folder>bank_images</folder>
	<filename>Square-Cash-Logo.png</filename>
	<path>A:\haoyu\BankProj\bank_images\Square-Cash-Logo.png</path>
	<source>
		<database>Unknown</database>
	</source>
	<size>
		<width>219</width>
		<height>106</height>
		<depth>3</depth>
	</size>
	<segmented>0</segmented>
	<object>
		<name>Other</name>
		<pose>Unspecified</pose>
		<truncated>0</truncated>
		<difficult>0</difficult>
		<bndbox>
			<xmin>79</xmin>
			<ymin>4</ymin>
			<xmax>147</xmax>
			<ymax>66</ymax>
		</bndbox>
	</object>
</annotation>
