<annotation>
	<folder>bank_images</folder>
	<filename>square-cash-app.jpg</filename>
	<path>A:\haoyu\BankProj\bank_images\square-cash-app.jpg</path>
	<source>
		<database>Unknown</database>
	</source>
	<size>
		<width>1400</width>
		<height>933</height>
		<depth>3</depth>
	</size>
	<segmented>0</segmented>
	<object>
		<name>Other</name>
		<pose>Unspecified</pose>
		<truncated>0</truncated>
		<difficult>0</difficult>
		<bndbox>
			<xmin>196</xmin>
			<ymin>409</ymin>
			<xmax>905</xmax>
			<ymax>592</ymax>
		</bndbox>
	</object>
</annotation>
