<annotation>
	<folder>bank_images</folder>
	<filename>SquareCash.png</filename>
	<path>A:\haoyu\BankProj\bank_images\SquareCash.png</path>
	<source>
		<database>Unknown</database>
	</source>
	<size>
		<width>640</width>
		<height>480</height>
		<depth>3</depth>
	</size>
	<segmented>0</segmented>
	<object>
		<name>Other</name>
		<pose>Unspecified</pose>
		<truncated>0</truncated>
		<difficult>0</difficult>
		<bndbox>
			<xmin>123</xmin>
			<ymin>165</ymin>
			<xmax>533</xmax>
			<ymax>316</ymax>
		</bndbox>
	</object>
</annotation>
