<annotation>
	<folder>bank_images</folder>
	<filename>Square-Cash-Customer-Service-Number.png</filename>
	<path>A:\haoyu\BankProj\bank_images\Square-Cash-Customer-Service-Number.png</path>
	<source>
		<database>Unknown</database>
	</source>
	<size>
		<width>500</width>
		<height>136</height>
		<depth>3</depth>
	</size>
	<segmented>0</segmented>
	<object>
		<name>Other</name>
		<pose>Unspecified</pose>
		<truncated>0</truncated>
		<difficult>0</difficult>
		<bndbox>
			<xmin>4</xmin>
			<ymin>5</ymin>
			<xmax>491</xmax>
			<ymax>124</ymax>
		</bndbox>
	</object>
</annotation>
