<annotation>
	<folder>bank_images</folder>
	<filename>square.png</filename>
	<path>A:\haoyu\BankProj\bank_images\square.png</path>
	<source>
		<database>Unknown</database>
	</source>
	<size>
		<width>332</width>
		<height>249</height>
		<depth>3</depth>
	</size>
	<segmented>0</segmented>
	<object>
		<name>Other</name>
		<pose>Unspecified</pose>
		<truncated>0</truncated>
		<difficult>0</difficult>
		<bndbox>
			<xmin>54</xmin>
			<ymin>96</ymin>
			<xmax>281</xmax>
			<ymax>152</ymax>
		</bndbox>
	</object>
</annotation>
