<annotation>
	<folder>bank_images</folder>
	<filename>statement.jpg</filename>
	<path>A:\haoyu\BankProj\bank_images\statement.jpg</path>
	<source>
		<database>Unknown</database>
	</source>
	<size>
		<width>906</width>
		<height>1078</height>
		<depth>3</depth>
	</size>
	<segmented>0</segmented>
	<object>
		<name>Citigroup Inc</name>
		<pose>Unspecified</pose>
		<truncated>0</truncated>
		<difficult>0</difficult>
		<bndbox>
			<xmin>310</xmin>
			<ymin>140</ymin>
			<xmax>491</xmax>
			<ymax>193</ymax>
		</bndbox>
	</object>
</annotation>
