<annotation>
	<folder>bank_images</folder>
	<filename>step5_img.jpg</filename>
	<path>A:\haoyu\BankProj\bank_images\step5_img.jpg</path>
	<source>
		<database>Unknown</database>
	</source>
	<size>
		<width>700</width>
		<height>320</height>
		<depth>3</depth>
	</size>
	<segmented>0</segmented>
	<object>
		<name>Citigroup Inc</name>
		<pose>Unspecified</pose>
		<truncated>0</truncated>
		<difficult>0</difficult>
		<bndbox>
			<xmin>23</xmin>
			<ymin>31</ymin>
			<xmax>114</xmax>
			<ymax>60</ymax>
		</bndbox>
	</object>
</annotation>
