<annotation>
	<folder>bank_images</folder>
	<filename>summary_lg.gif</filename>
	<path>A:\haoyu\BankProj\bank_images\summary_lg.gif</path>
	<source>
		<database>Unknown</database>
	</source>
	<size>
		<width>960</width>
		<height>590</height>
		<depth>3</depth>
	</size>
	<segmented>0</segmented>
	<object>
		<name>Capital One</name>
		<pose>Unspecified</pose>
		<truncated>0</truncated>
		<difficult>0</difficult>
		<bndbox>
			<xmin>14</xmin>
			<ymin>39</ymin>
			<xmax>227</xmax>
			<ymax>107</ymax>
		</bndbox>
	</object>
</annotation>
