<annotation>
	<folder>bank_images</folder>
	<filename>Trade-Penny-Stocks-On-Robinhood-App-1764x700.jpg</filename>
	<path>A:\haoyu\BankProj\bank_images\Trade-Penny-Stocks-On-Robinhood-App-1764x700.jpg</path>
	<source>
		<database>Unknown</database>
	</source>
	<size>
		<width>1764</width>
		<height>700</height>
		<depth>3</depth>
	</size>
	<segmented>0</segmented>
	<object>
		<name>Other</name>
		<pose>Unspecified</pose>
		<truncated>0</truncated>
		<difficult>0</difficult>
		<bndbox>
			<xmin>696</xmin>
			<ymin>142</ymin>
			<xmax>1079</xmax>
			<ymax>513</ymax>
		</bndbox>
	</object>
</annotation>
