<annotation>
	<folder>bank_images</folder>
	<filename>TUD4QV4Q_400x400.jpg</filename>
	<path>A:\haoyu\BankProj\bank_images\TUD4QV4Q_400x400.jpg</path>
	<source>
		<database>Unknown</database>
	</source>
	<size>
		<width>400</width>
		<height>400</height>
		<depth>3</depth>
	</size>
	<segmented>0</segmented>
	<object>
		<name>Citigroup Inc</name>
		<pose>Unspecified</pose>
		<truncated>0</truncated>
		<difficult>0</difficult>
		<bndbox>
			<xmin>88</xmin>
			<ymin>120</ymin>
			<xmax>309</xmax>
			<ymax>276</ymax>
		</bndbox>
	</object>
</annotation>
