<annotation>
	<folder>bank_images</folder>
	<filename>Wells-Fargo-Phishing-Email-desktop.jpg</filename>
	<path>A:\haoyu\BankProj\bank_images\Wells-Fargo-Phishing-Email-desktop.jpg</path>
	<source>
		<database>Unknown</database>
	</source>
	<size>
		<width>1010</width>
		<height>858</height>
		<depth>3</depth>
	</size>
	<segmented>0</segmented>
	<object>
		<name>Wells Fargo</name>
		<pose>Unspecified</pose>
		<truncated>0</truncated>
		<difficult>0</difficult>
		<bndbox>
			<xmin>81</xmin>
			<ymin>178</ymin>
			<xmax>166</xmax>
			<ymax>266</ymax>
		</bndbox>
	</object>
</annotation>
