<annotation>
	<folder>bank_images</folder>
	<filename>Wells-Fargo-HEaderOnecard3.png</filename>
	<path>A:\haoyu\BankProj\bank_images\Wells-Fargo-HEaderOnecard3.png</path>
	<source>
		<database>Unknown</database>
	</source>
	<size>
		<width>2231</width>
		<height>2244</height>
		<depth>3</depth>
	</size>
	<segmented>0</segmented>
	<object>
		<name>Wells Fargo</name>
		<pose>Unspecified</pose>
		<truncated>0</truncated>
		<difficult>0</difficult>
		<bndbox>
			<xmin>45</xmin>
			<ymin>567</ymin>
			<xmax>1972</xmax>
			<ymax>1708</ymax>
		</bndbox>
	</object>
</annotation>
