<annotation>
	<folder>bank_images</folder>
	<filename>wells-fargo-check-template-bank-statement-oBDCRe.png</filename>
	<path>A:\haoyu\BankProj\bank_images\wells-fargo-check-template-bank-statement-oBDCRe.png</path>
	<source>
		<database>Unknown</database>
	</source>
	<size>
		<width>768</width>
		<height>994</height>
		<depth>3</depth>
	</size>
	<segmented>0</segmented>
	<object>
		<name>Wells Fargo</name>
		<pose>Unspecified</pose>
		<truncated>0</truncated>
		<difficult>0</difficult>
		<bndbox>
			<xmin>686</xmin>
			<ymin>9</ymin>
			<xmax>749</xmax>
			<ymax>73</ymax>
		</bndbox>
	</object>
</annotation>
