<annotation>
	<folder>bank_images</folder>
	<filename>wells-fargo.png.pagespeed.ce.kK53QYAsn2.png</filename>
	<path>A:\haoyu\BankProj\bank_images\wells-fargo.png.pagespeed.ce.kK53QYAsn2.png</path>
	<source>
		<database>Unknown</database>
	</source>
	<size>
		<width>1461</width>
		<height>580</height>
		<depth>3</depth>
	</size>
	<segmented>0</segmented>
	<object>
		<name>Wells Fargo</name>
		<pose>Unspecified</pose>
		<truncated>0</truncated>
		<difficult>0</difficult>
		<bndbox>
			<xmin>4</xmin>
			<ymin>4</ymin>
			<xmax>96</xmax>
			<ymax>94</ymax>
		</bndbox>
	</object>
</annotation>
