<annotation>
	<folder>bank_images</folder>
	<filename>well-fargo.png</filename>
	<path>A:\haoyu\BankProj\bank_images\well-fargo.png</path>
	<source>
		<database>Unknown</database>
	</source>
	<size>
		<width>700</width>
		<height>1000</height>
		<depth>3</depth>
	</size>
	<segmented>0</segmented>
	<object>
		<name>Wells Fargo</name>
		<pose>Unspecified</pose>
		<truncated>0</truncated>
		<difficult>0</difficult>
		<bndbox>
			<xmin>174</xmin>
			<ymin>43</ymin>
			<xmax>291</xmax>
			<ymax>151</ymax>
		</bndbox>
	</object>
</annotation>
