<annotation>
	<folder>bank_images</folder>
	<filename>wells-fargo.jpg</filename>
	<path>A:\haoyu\BankProj\bank_images\wells-fargo.jpg</path>
	<source>
		<database>Unknown</database>
	</source>
	<size>
		<width>312</width>
		<height>534</height>
		<depth>3</depth>
	</size>
	<segmented>0</segmented>
	<object>
		<name>Wells Fargo</name>
		<pose>Unspecified</pose>
		<truncated>0</truncated>
		<difficult>0</difficult>
		<bndbox>
			<xmin>6</xmin>
			<ymin>26</ymin>
			<xmax>55</xmax>
			<ymax>74</ymax>
		</bndbox>
	</object>
</annotation>
