<annotation>
	<folder>bank_images</folder>
	<filename>wells-fargo-stagecoach-logo-png-generic2.jpg</filename>
	<path>A:\haoyu\BankProj\bank_images\wells-fargo-stagecoach-logo-png-generic2.jpg</path>
	<source>
		<database>Unknown</database>
	</source>
	<size>
		<width>1584</width>
		<height>528</height>
		<depth>3</depth>
	</size>
	<segmented>0</segmented>
	<object>
		<name>Wells Fargo</name>
		<pose>Unspecified</pose>
		<truncated>0</truncated>
		<difficult>0</difficult>
		<bndbox>
			<xmin>70</xmin>
			<ymin>123</ymin>
			<xmax>354</xmax>
			<ymax>405</ymax>
		</bndbox>
	</object>
</annotation>
