<annotation>
	<folder>bank_images</folder>
	<filename>WellsFargo.jpg</filename>
	<path>A:\haoyu\BankProj\bank_images\WellsFargo.jpg</path>
	<source>
		<database>Unknown</database>
	</source>
	<size>
		<width>1040</width>
		<height>1040</height>
		<depth>3</depth>
	</size>
	<segmented>0</segmented>
	<object>
		<name>Wells Fargo</name>
		<pose>Unspecified</pose>
		<truncated>0</truncated>
		<difficult>0</difficult>
		<bndbox>
			<xmin>265</xmin>
			<ymin>261</ymin>
			<xmax>780</xmax>
			<ymax>775</ymax>
		</bndbox>
	</object>
</annotation>
