<annotation>
	<folder>bank_images</folder>
	<filename>WellsFargo_header.png</filename>
	<path>A:\haoyu\BankProj\bank_images\WellsFargo_header.png</path>
	<source>
		<database>Unknown</database>
	</source>
	<size>
		<width>1530</width>
		<height>452</height>
		<depth>3</depth>
	</size>
	<segmented>0</segmented>
	<object>
		<name>Wells Fargo</name>
		<pose>Unspecified</pose>
		<truncated>0</truncated>
		<difficult>0</difficult>
		<bndbox>
			<xmin>1283</xmin>
			<ymin>56</ymin>
			<xmax>1421</xmax>
			<ymax>194</ymax>
		</bndbox>
	</object>
</annotation>
