<annotation>
	<folder>bank_images</folder>
	<filename>Wells-Fargo-Account-Update-Fraud.png</filename>
	<path>A:\haoyu\BankProj\bank_images\Wells-Fargo-Account-Update-Fraud.png</path>
	<source>
		<database>Unknown</database>
	</source>
	<size>
		<width>761</width>
		<height>606</height>
		<depth>3</depth>
	</size>
	<segmented>0</segmented>
	<object>
		<name>Wells Fargo</name>
		<pose>Unspecified</pose>
		<truncated>0</truncated>
		<difficult>0</difficult>
		<bndbox>
			<xmin>15</xmin>
			<ymin>15</ymin>
			<xmax>132</xmax>
			<ymax>66</ymax>
		</bndbox>
	</object>
</annotation>
