<annotation>
	<folder>bank_images</folder>
	<filename>wells-fargo-header.jpg</filename>
	<path>A:\haoyu\BankProj\bank_images\wells-fargo-header.jpg</path>
	<source>
		<database>Unknown</database>
	</source>
	<size>
		<width>660</width>
		<height>278</height>
		<depth>3</depth>
	</size>
	<segmented>0</segmented>
	<object>
		<name>Wells Fargo</name>
		<pose>Unspecified</pose>
		<truncated>0</truncated>
		<difficult>0</difficult>
		<bndbox>
			<xmin>60</xmin>
			<ymin>19</ymin>
			<xmax>226</xmax>
			<ymax>184</ymax>
		</bndbox>
	</object>
</annotation>
