<annotation>
	<folder>bank_images</folder>
	<filename>wells-fargo-bank-statement-3-638.jpg</filename>
	<path>A:\haoyu\BankProj\bank_images\wells-fargo-bank-statement-3-638.jpg</path>
	<source>
		<database>Unknown</database>
	</source>
	<size>
		<width>638</width>
		<height>826</height>
		<depth>3</depth>
	</size>
	<segmented>0</segmented>
	<object>
		<name>Wells Fargo</name>
		<pose>Unspecified</pose>
		<truncated>0</truncated>
		<difficult>0</difficult>
		<bndbox>
			<xmin>529</xmin>
			<ymin>26</ymin>
			<xmax>581</xmax>
			<ymax>78</ymax>
		</bndbox>
	</object>
</annotation>
