<annotation>
	<folder>bank_images</folder>
	<filename>wells_myspendingreport_thumb[3].jpg</filename>
	<path>A:\haoyu\BankProj\bank_images\wells_myspendingreport_thumb[3].jpg</path>
	<source>
		<database>Unknown</database>
	</source>
	<size>
		<width>327</width>
		<height>349</height>
		<depth>3</depth>
	</size>
	<segmented>0</segmented>
	<object>
		<name>Wells Fargo</name>
		<pose>Unspecified</pose>
		<truncated>0</truncated>
		<difficult>0</difficult>
		<bndbox>
			<xmin>4</xmin>
			<ymin>2</ymin>
			<xmax>36</xmax>
			<ymax>35</ymax>
		</bndbox>
	</object>
</annotation>
