<annotation>
	<folder>bank_images</folder>
	<filename>wf-1-800x363.png</filename>
	<path>A:\haoyu\BankProj\bank_images\wf-1-800x363.png</path>
	<source>
		<database>Unknown</database>
	</source>
	<size>
		<width>800</width>
		<height>363</height>
		<depth>3</depth>
	</size>
	<segmented>0</segmented>
	<object>
		<name>Wells Fargo</name>
		<pose>Unspecified</pose>
		<truncated>0</truncated>
		<difficult>0</difficult>
		<bndbox>
			<xmin>38</xmin>
			<ymin>22</ymin>
			<xmax>84</xmax>
			<ymax>66</ymax>
		</bndbox>
	</object>
</annotation>
